date,load
2020/5/2 0:00,5594.47
2020/5/2 0:30,5457.9
2020/5/2 1:00,5349.51
2020/5/2 1:30,5264.31
2020/5/2 2:00,5178.43
2020/5/2 2:30,5137.75
2020/5/2 3:00,5123.47
2020/5/2 3:30,5110.47
2020/5/2 4:00,5101.65
2020/5/2 4:30,5124.02
2020/5/2 5:00,5109.77
2020/5/2 5:30,5234.75
2020/5/2 6:00,5256.01
2020/5/2 6:30,5311.65
2020/5/2 7:00,5397.97
2020/5/2 7:30,5380.15
2020/5/2 8:00,5261.26
2020/5/2 8:30,5188.93
2020/5/2 9:00,5028.05
2020/5/2 9:30,4891.26
2020/5/2 10:00,4796.67
2020/5/2 10:30,4628.83
2020/5/2 11:00,4476.41
2020/5/2 11:30,4340.76
2020/5/2 12:00,4347.58
2020/5/2 12:30,4353.39
2020/5/2 13:00,4388.82
2020/5/2 13:30,4453.01
2020/5/2 14:00,4612.81
2020/5/2 14:30,4792.97
2020/5/2 15:00,4982.27
2020/5/2 15:30,5236.91
2020/5/2 16:00,5548.12
2020/5/2 16:30,5900.65
2020/5/2 17:00,6179.14
2020/5/2 17:30,6430
2020/5/2 18:00,6695.78
2020/5/2 18:30,6751.77
2020/5/2 19:00,6682.77
2020/5/2 19:30,6521.9
2020/5/2 20:00,6459.56
2020/5/2 20:30,6349.84
2020/5/2 21:00,6157.78
2020/5/2 21:30,6053.29
2020/5/2 22:00,5927.16
2020/5/2 22:30,5900.68
2020/5/2 23:00,5824.65
2020/5/2 23:30,5611.71
2020/5/3 0:00,5469.27
2020/5/3 0:30,5359.85
2020/5/3 1:00,5234.28
2020/5/3 1:30,5129.47
2020/5/3 2:00,5081.9
2020/5/3 2:30,5073.58
2020/5/3 3:00,5015.19
2020/5/3 3:30,4973.58
2020/5/3 4:00,4977.7
2020/5/3 4:30,5014.27
2020/5/3 5:00,5036.28
2020/5/3 5:30,5095.07
2020/5/3 6:00,5066.34
2020/5/3 6:30,5156.77
2020/5/3 7:00,5174.52
2020/5/3 7:30,5148.07
2020/5/3 8:00,5073.79
2020/5/3 8:30,5011.68
2020/5/3 9:00,4911.84
2020/5/3 9:30,4753.16
2020/5/3 10:00,4660.92
2020/5/3 10:30,4531.94
2020/5/3 11:00,4418.06
2020/5/3 11:30,4294.95
2020/5/3 12:00,4293.61
2020/5/3 12:30,4287.62
2020/5/3 13:00,4340.42
2020/5/3 13:30,4359.67
2020/5/3 14:00,4504.65
2020/5/3 14:30,4665.06
2020/5/3 15:00,4885.56
2020/5/3 15:30,5143.36
2020/5/3 16:00,5454.23
2020/5/3 16:30,5756.14
2020/5/3 17:00,6116.34
2020/5/3 17:30,6411.89
2020/5/3 18:00,6723.57
2020/5/3 18:30,6746.09
2020/5/3 19:00,6646.52
2020/5/3 19:30,6492.74
2020/5/3 20:00,6398.12
2020/5/3 20:30,6303.12
2020/5/3 21:00,6141.3
2020/5/3 21:30,6013.37
2020/5/3 22:00,5932.58
2020/5/3 22:30,5916.61
2020/5/3 23:00,5843.15
2020/5/3 23:30,5676.32
2020/5/4 0:00,5535.91
2020/5/4 0:30,5392.27
2020/5/4 1:00,5283.76
2020/5/4 1:30,5180.57
2020/5/4 2:00,5112.3
2020/5/4 2:30,5084.79
2020/5/4 3:00,5031.1
2020/5/4 3:30,5012.39
2020/5/4 4:00,4973.6
2020/5/4 4:30,5021.43
2020/5/4 5:00,5046.01
2020/5/4 5:30,5088.76
2020/5/4 6:00,5145.57
2020/5/4 6:30,5228.63
2020/5/4 7:00,5249.39
2020/5/4 7:30,5278.74
2020/5/4 8:00,5174.03
2020/5/4 8:30,5139.97
2020/5/4 9:00,5049.12
2020/5/4 9:30,4928.1
2020/5/4 10:00,4827.22
2020/5/4 10:30,4650.39
2020/5/4 11:00,4581.84
2020/5/4 11:30,4495.11
2020/5/4 12:00,4513.29
2020/5/4 12:30,4494.87
2020/5/4 13:00,4534.5
2020/5/4 13:30,4644.61
2020/5/4 14:00,4730.06
2020/5/4 14:30,4879.83
2020/5/4 15:00,5116.22
2020/5/4 15:30,5382.49
2020/5/4 16:00,5623.39
2020/5/4 16:30,5935.9
2020/5/4 17:00,6292.76
2020/5/4 17:30,6600.72
2020/5/4 18:00,6881.89
2020/5/4 18:30,6895.35
2020/5/4 19:00,6818.36
2020/5/4 19:30,6607.97
2020/5/4 20:00,6475.3
2020/5/4 20:30,6395.47
2020/5/4 21:00,6186.01
2020/5/4 21:30,6065.37
2020/5/4 22:00,5933.45
2020/5/4 22:30,5880.13
2020/5/4 23:00,5802.91
2020/5/4 23:30,5630.53
2020/5/5 0:00,5500.31
2020/5/5 0:30,5347.27
2020/5/5 1:00,5266.53
2020/5/5 1:30,5179.49
2020/5/5 2:00,5111.25
2020/5/5 2:30,5078.22
2020/5/5 3:00,5039
2020/5/5 3:30,5046.09
2020/5/5 4:00,5038.68
2020/5/5 4:30,5139.75
2020/5/5 5:00,5206.5
2020/5/5 5:30,5383.44
2020/5/5 6:00,5547.24
2020/5/5 6:30,5812.47
2020/5/5 7:00,6044.12
2020/5/5 7:30,6139.28
2020/5/5 8:00,6028.22
2020/5/5 8:30,5906.01
2020/5/5 9:00,5647.19
2020/5/5 9:30,5394.52
2020/5/5 10:00,5227.11
2020/5/5 10:30,5059.66
2020/5/5 11:00,5009.76
2020/5/5 11:30,4967.58
2020/5/5 12:00,4962.36
2020/5/5 12:30,5049.02
2020/5/5 13:00,5165.49
2020/5/5 13:30,5239.04
2020/5/5 14:00,5297.86
2020/5/5 14:30,5437.11
2020/5/5 15:00,5593.09
2020/5/5 15:30,5771.63
2020/5/5 16:00,6051.79
2020/5/5 16:30,6278.93
2020/5/5 17:00,6596.72
2020/5/5 17:30,6878.57
2020/5/5 18:00,7211.81
2020/5/5 18:30,7220.21
2020/5/5 19:00,7122.72
2020/5/5 19:30,6896.92
2020/5/5 20:00,6834.8
2020/5/5 20:30,6670.72
2020/5/5 21:00,6471.24
2020/5/5 21:30,6319.28
2020/5/5 22:00,6170.27
2020/5/5 22:30,6059.68
2020/5/5 23:00,5960.06
2020/5/5 23:30,5756.15
2020/5/6 0:00,5544.87
2020/5/6 0:30,5438.02
2020/5/6 1:00,5329.46
2020/5/6 1:30,5241.11
2020/5/6 2:00,5210.94
2020/5/6 2:30,5175.13
2020/5/6 3:00,5134.26
2020/5/6 3:30,5125.08
2020/5/6 4:00,5147.06
2020/5/6 4:30,5215.87
2020/5/6 5:00,5295.81
2020/5/6 5:30,5428.36
2020/5/6 6:00,5578.74
2020/5/6 6:30,5842.72
2020/5/6 7:00,6033.63
2020/5/6 7:30,6146.68
2020/5/6 8:00,6122.29
2020/5/6 8:30,6007.03
2020/5/6 9:00,5795.33
2020/5/6 9:30,5702.13
2020/5/6 10:00,5659.5
2020/5/6 10:30,5554.13
2020/5/6 11:00,5485.26
2020/5/6 11:30,5391.16
2020/5/6 12:00,5434.75
2020/5/6 12:30,5479.37
2020/5/6 13:00,5480.58
2020/5/6 13:30,5525.07
2020/5/6 14:00,5491.03
2020/5/6 14:30,5552.47
2020/5/6 15:00,5680.23
2020/5/6 15:30,5858.73
2020/5/6 16:00,6101.09
2020/5/6 16:30,6280.73
2020/5/6 17:00,6531.81
2020/5/6 17:30,6825.62
2020/5/6 18:00,7092.63
2020/5/6 18:30,7130.14
2020/5/6 19:00,7053.81
2020/5/6 19:30,6832.85
2020/5/6 20:00,6762.52
2020/5/6 20:30,6651.69
2020/5/6 21:00,6446.02
2020/5/6 21:30,6306.08
2020/5/6 22:00,6162.12
2020/5/6 22:30,6045.06
2020/5/6 23:00,5972.05
2020/5/6 23:30,5761.35
2020/5/7 0:00,5579.62
2020/5/7 0:30,5416.82
2020/5/7 1:00,5323.57
2020/5/7 1:30,5252.37
2020/5/7 2:00,5178.37
2020/5/7 2:30,5170.13
2020/5/7 3:00,5135.83
2020/5/7 3:30,5109.01
2020/5/7 4:00,5140.24
2020/5/7 4:30,5197.85
2020/5/7 5:00,5277.88
2020/5/7 5:30,5431.81
2020/5/7 6:00,5559.7
2020/5/7 6:30,5808.61
2020/5/7 7:00,6002.22
2020/5/7 7:30,6141.06
2020/5/7 8:00,6104.69
2020/5/7 8:30,6046.06
2020/5/7 9:00,5882.94
2020/5/7 9:30,5631.73
2020/5/7 10:00,5475.25
2020/5/7 10:30,5438.87
2020/5/7 11:00,5424.87
2020/5/7 11:30,5481.28
2020/5/7 12:00,5547.86
2020/5/7 12:30,5592.27
2020/5/7 13:00,5583.77
2020/5/7 13:30,5671.68
2020/5/7 14:00,5752.64
2020/5/7 14:30,5768.95
2020/5/7 15:00,5896.81
2020/5/7 15:30,6012.26
2020/5/7 16:00,6214.41
2020/5/7 16:30,6387.29
2020/5/7 17:00,6616.6
2020/5/7 17:30,6874.17
2020/5/7 18:00,7145.19
2020/5/7 18:30,7109.64
2020/5/7 19:00,7060.08
2020/5/7 19:30,6814.66
2020/5/7 20:00,6732.69
2020/5/7 20:30,6657.64
2020/5/7 21:00,6442.97
2020/5/7 21:30,6281.39
2020/5/7 22:00,6127.88
2020/5/7 22:30,6057
2020/5/7 23:00,5970.59
2020/5/7 23:30,5744.19
2020/5/8 0:00,5621.69
2020/5/8 0:30,5465.96
2020/5/8 1:00,5323.6
2020/5/8 1:30,5236.37
2020/5/8 2:00,5233.82
2020/5/8 2:30,5187.44
2020/5/8 3:00,5137.44
2020/5/8 3:30,5153.83
2020/5/8 4:00,5148.98
2020/5/8 4:30,5190.3
2020/5/8 5:00,5268.98
2020/5/8 5:30,5431.64
2020/5/8 6:00,5610.79
2020/5/8 6:30,5851.65
2020/5/8 7:00,6048.44
2020/5/8 7:30,6130.91
2020/5/8 8:00,6046.52
2020/5/8 8:30,5904.54
2020/5/8 9:00,5794.95
2020/5/8 9:30,5627.78
2020/5/8 10:00,5503.4
2020/5/8 10:30,5409.91
2020/5/8 11:00,5389.81
2020/5/8 11:30,5339.5
2020/5/8 12:00,5345.75
2020/5/8 12:30,5416.32
2020/5/8 13:00,5407.56
2020/5/8 13:30,5489.35
2020/5/8 14:00,5531.05
2020/5/8 14:30,5640.49
2020/5/8 15:00,5777.55
2020/5/8 15:30,5940.62
2020/5/8 16:00,6151.22
2020/5/8 16:30,6369.19
2020/5/8 17:00,6565.72
2020/5/8 17:30,6712.84
2020/5/8 18:00,6936.66
2020/5/8 18:30,6928.88
2020/5/8 19:00,6882.29
2020/5/8 19:30,6660.02
2020/5/8 20:00,6573.27
2020/5/8 20:30,6498.41
2020/5/8 21:00,6327.79
2020/5/8 21:30,6158.62
2020/5/8 22:00,6063.45
2020/5/8 22:30,6001.72
2020/5/8 23:00,5968.12
2020/5/8 23:30,5803.06
2020/5/9 0:00,5594.81
2020/5/9 0:30,5426.49
2020/5/9 1:00,5279.24
2020/5/9 1:30,5180.23
2020/5/9 2:00,5155.37
2020/5/9 2:30,5110.54
2020/5/9 3:00,5070.86
2020/5/9 3:30,5024.8
2020/5/9 4:00,5039.19
2020/5/9 4:30,5080.08
2020/5/9 5:00,5120.91
2020/5/9 5:30,5152.26
2020/5/9 6:00,5185.55
2020/5/9 6:30,5262.06
2020/5/9 7:00,5321.21
2020/5/9 7:30,5114.22
2020/5/9 8:00,5267.61
2020/5/9 8:30,5204.27
2020/5/9 9:00,5124.74
2020/5/9 9:30,5060.67
2020/5/9 10:00,4912.54
2020/5/9 10:30,4767.12
2020/5/9 11:00,4663.87
2020/5/9 11:30,4567.46
2020/5/9 12:00,4568.94
2020/5/9 12:30,4554.04
2020/5/9 13:00,4666.66
2020/5/9 13:30,4721.38
2020/5/9 14:00,4885.81
2020/5/9 14:30,5025.61
2020/5/9 15:00,5210.11
2020/5/9 15:30,5495.25
2020/5/9 16:00,5736.75
2020/5/9 16:30,5942.5
2020/5/9 17:00,6223.73
2020/5/9 17:30,6453.16
2020/5/9 18:00,6708.01
2020/5/9 18:30,6644.65
2020/5/9 19:00,6589.47
2020/5/9 19:30,6438.92
2020/5/9 20:00,6331.73
2020/5/9 20:30,6171.51
2020/5/9 21:00,5997.49
2020/5/9 21:30,5908.94
2020/5/9 22:00,5804.23
2020/5/9 22:30,5814.46
2020/5/9 23:00,5730.74
2020/5/9 23:30,5582.11
2020/5/10 0:00,5452.08
2020/5/10 0:30,5294.01
2020/5/10 1:00,5158.6
2020/5/10 1:30,5060.65
2020/5/10 2:00,4973.17
2020/5/10 2:30,4949.48
2020/5/10 3:00,4864.35
2020/5/10 3:30,4846.67
2020/5/10 4:00,4877.41
2020/5/10 4:30,4894.87
2020/5/10 5:00,4927.69
2020/5/10 5:30,4962.28
2020/5/10 6:00,4990.93
2020/5/10 6:30,5056.33
2020/5/10 7:00,5176.08
2020/5/10 7:30,5218.61
2020/5/10 8:00,5175.86
2020/5/10 8:30,5169.61
2020/5/10 9:00,5099.71
2020/5/10 9:30,4985.87
2020/5/10 10:00,4892.49
2020/5/10 10:30,4775.59
2020/5/10 11:00,4742.33
2020/5/10 11:30,4780.95
2020/5/10 12:00,4850.2
2020/5/10 12:30,4870.88
2020/5/10 13:00,4861.81
2020/5/10 13:30,4949.74
2020/5/10 14:00,5080.87
2020/5/10 14:30,5181.84
2020/5/10 15:00,5353.17
2020/5/10 15:30,5509.66
2020/5/10 16:00,5683.56
2020/5/10 16:30,5824.87
2020/5/10 17:00,6097.6
2020/5/10 17:30,6360.93
2020/5/10 18:00,6579.42
2020/5/10 18:30,6562.6
2020/5/10 19:00,6500.78
2020/5/10 19:30,6340.38
2020/5/10 20:00,6234.81
2020/5/10 20:30,6163.18
2020/5/10 21:00,6002.58
2020/5/10 21:30,5850.07
2020/5/10 22:00,5754.23
2020/5/10 22:30,5758
2020/5/10 23:00,5667.66
2020/5/10 23:30,5537.18
2020/5/11 0:00,5319.59
2020/5/11 0:30,5173.23
2020/5/11 1:00,5059.05
2020/5/11 1:30,4972.33
2020/5/11 2:00,4896.44
2020/5/11 2:30,4852.72
2020/5/11 3:00,4860.62
2020/5/11 3:30,4854.75
2020/5/11 4:00,4827.07
2020/5/11 4:30,4906.66
2020/5/11 5:00,4971.12
2020/5/11 5:30,5126.06
2020/5/11 6:00,5278.81
2020/5/11 6:30,5563.1
2020/5/11 7:00,5805.85
2020/5/11 7:30,5976.62
2020/5/11 8:00,5879.83
2020/5/11 8:30,5683.99
2020/5/11 9:00,5464.42
2020/5/11 9:30,5224.64
2020/5/11 10:00,4995.78
2020/5/11 10:30,4856.92
2020/5/11 11:00,4727.19
2020/5/11 11:30,4700.99
2020/5/11 12:00,4712.2
2020/5/11 12:30,4740.53
2020/5/11 13:00,4769.19
2020/5/11 13:30,4844.48
2020/5/11 14:00,4970.67
2020/5/11 14:30,5147.94
2020/5/11 15:00,5369.87
2020/5/11 15:30,5612.72
2020/5/11 16:00,5832.64
2020/5/11 16:30,6095.33
2020/5/11 17:00,6443.84
2020/5/11 17:30,6727.66
2020/5/11 18:00,7032.04
2020/5/11 18:30,7006.51
2020/5/11 19:00,6906.09
2020/5/11 19:30,6659.06
2020/5/11 20:00,6589.63
2020/5/11 20:30,6450.56
2020/5/11 21:00,6253.41
2020/5/11 21:30,6086.77
2020/5/11 22:00,5920.99
2020/5/11 22:30,5857.88
2020/5/11 23:00,5725.73
2020/5/11 23:30,5569.47
2020/5/12 0:00,5370.21
2020/5/12 0:30,5192.03
2020/5/12 1:00,5091.9
2020/5/12 1:30,4993.23
2020/5/12 2:00,4903.38
2020/5/12 2:30,4874.93
2020/5/12 3:00,4873.67
2020/5/12 3:30,4841.22
2020/5/12 4:00,4885.17
2020/5/12 4:30,4935.3
2020/5/12 5:00,5057.71
2020/5/12 5:30,5226.36
2020/5/12 6:00,5417.91
2020/5/12 6:30,5685.34
2020/5/12 7:00,5970.8
2020/5/12 7:30,6110.4
2020/5/12 8:00,5993.93
2020/5/12 8:30,5833.7
2020/5/12 9:00,5605.51
2020/5/12 9:30,5455.23
2020/5/12 10:00,5281.22
2020/5/12 10:30,5143.48
2020/5/12 11:00,4982.27
2020/5/12 11:30,4878.02
2020/5/12 12:00,4939.46
2020/5/12 12:30,5134.8
2020/5/12 13:00,5329.96
2020/5/12 13:30,5383.43
2020/5/12 14:00,5466.1
2020/5/12 14:30,5565.48
2020/5/12 15:00,5664.98
2020/5/12 15:30,5844.35
2020/5/12 16:00,6016.27
2020/5/12 16:30,6202.54
2020/5/12 17:00,6502.17
2020/5/12 17:30,6769.3
2020/5/12 18:00,7017.45
2020/5/12 18:30,7024.89
2020/5/12 19:00,6903.94
2020/5/12 19:30,6641.96
2020/5/12 20:00,6579.79
2020/5/12 20:30,6481.88
2020/5/12 21:00,6259.22
2020/5/12 21:30,6091.34
2020/5/12 22:00,5929.33
2020/5/12 22:30,5866.2
2020/5/12 23:00,5789.77
2020/5/12 23:30,5596.01
2020/5/13 0:00,5408.41
2020/5/13 0:30,5241.76
2020/5/13 1:00,5128.91
2020/5/13 1:30,4985.09
2020/5/13 2:00,4922.32
2020/5/13 2:30,4864.49
2020/5/13 3:00,4879.56
2020/5/13 3:30,4914.38
2020/5/13 4:00,4899.91
2020/5/13 4:30,4976.77
2020/5/13 5:00,5023.32
2020/5/13 5:30,5202.47
2020/5/13 6:00,5392.12
2020/5/13 6:30,5656.28
2020/5/13 7:00,5878.14
2020/5/13 7:30,6096.1
2020/5/13 8:00,6060.9
2020/5/13 8:30,5878.96
2020/5/13 9:00,5607.03
2020/5/13 9:30,5405.65
2020/5/13 10:00,5230.63
2020/5/13 10:30,5164.49
2020/5/13 11:00,5082.79
2020/5/13 11:30,5111.14
2020/5/13 12:00,5208.81
2020/5/13 12:30,5407.15
2020/5/13 13:00,5390.26
2020/5/13 13:30,5466
2020/5/13 14:00,5566.57
2020/5/13 14:30,5627.68
2020/5/13 15:00,5739.34
2020/5/13 15:30,5897.17
2020/5/13 16:00,6080.95
2020/5/13 16:30,6327.21
2020/5/13 17:00,6497.21
2020/5/13 17:30,6780.67
2020/5/13 18:00,7013.67
2020/5/13 18:30,6964.92
2020/5/13 19:00,6836.88
2020/5/13 19:30,6619.93
2020/5/13 20:00,6551.99
2020/5/13 20:30,6420.72
2020/5/13 21:00,6230.49
2020/5/13 21:30,6053.63
2020/5/13 22:00,5875.41
2020/5/13 22:30,5800.77
2020/5/13 23:00,5705.1
2020/5/13 23:30,5576.5
2020/5/14 0:00,5395.17
2020/5/14 0:30,5235.61
2020/5/14 1:00,5098.33
2020/5/14 1:30,5015.92
2020/5/14 2:00,4984.89
2020/5/14 2:30,4970.94
2020/5/14 3:00,4946.32
2020/5/14 3:30,4937.09
2020/5/14 4:00,4934.36
2020/5/14 4:30,5014.97
2020/5/14 5:00,5107.17
2020/5/14 5:30,5288.24
2020/5/14 6:00,5412.08
2020/5/14 6:30,5705.68
2020/5/14 7:00,5939.62
2020/5/14 7:30,6129.29
2020/5/14 8:00,6021.38
2020/5/14 8:30,5865.39
2020/5/14 9:00,5609.36
2020/5/14 9:30,5356.71
2020/5/14 10:00,5181.12
2020/5/14 10:30,5110.48
2020/5/14 11:00,5112.04
2020/5/14 11:30,5137.7
2020/5/14 12:00,5197.97
2020/5/14 12:30,5345.32
2020/5/14 13:00,5508.81
2020/5/14 13:30,5643.45
2020/5/14 14:00,5675.71
2020/5/14 14:30,5806.07
2020/5/14 15:00,5922.29
2020/5/14 15:30,5973.43
2020/5/14 16:00,6121.23
2020/5/14 16:30,6270.5
2020/5/14 17:00,6532.21
2020/5/14 17:30,6823.88
2020/5/14 18:00,7023.55
2020/5/14 18:30,6958.64
2020/5/14 19:00,6886.45
2020/5/14 19:30,6670.9
2020/5/14 20:00,6577.09
2020/5/14 20:30,6507.95
2020/5/14 21:00,6310.78
2020/5/14 21:30,6163.16
2020/5/14 22:00,5998.52
2020/5/14 22:30,5896.06
2020/5/14 23:00,5801.23
2020/5/14 23:30,5594.81
2020/5/15 0:00,5406.54
2020/5/15 0:30,5261.72
2020/5/15 1:00,5146.33
2020/5/15 1:30,5071.1
2020/5/15 2:00,5040.69
2020/5/15 2:30,4981.54
2020/5/15 3:00,4974.63
2020/5/15 3:30,4959.47
2020/5/15 4:00,4977.72
2020/5/15 4:30,5057.65
2020/5/15 5:00,5077.92
2020/5/15 5:30,5257.1
2020/5/15 6:00,5425.23
2020/5/15 6:30,5688.09
2020/5/15 7:00,5898.93
2020/5/15 7:30,6022.53
2020/5/15 8:00,5931.6
2020/5/15 8:30,5771.3
2020/5/15 9:00,5540
2020/5/15 9:30,5303.29
2020/5/15 10:00,5119
2020/5/15 10:30,4951.08
2020/5/15 11:00,4833.33
2020/5/15 11:30,4799.09
2020/5/15 12:00,4750.4
2020/5/15 12:30,4758.85
2020/5/15 13:00,4792.68
2020/5/15 13:30,4888.93
2020/5/15 14:00,5039.71
2020/5/15 14:30,5144.3
2020/5/15 15:00,5351.21
2020/5/15 15:30,5583.76
2020/5/15 16:00,5830.33
2020/5/15 16:30,6109.7
2020/5/15 17:00,6390.46
2020/5/15 17:30,6546.75
2020/5/15 18:00,6760.93
2020/5/15 18:30,6741.09
2020/5/15 19:00,6674.91
2020/5/15 19:30,6498.42
2020/5/15 20:00,6486.06
2020/5/15 20:30,6308.13
2020/5/15 21:00,6174.04
2020/5/15 21:30,6029.72
2020/5/15 22:00,5886.02
2020/5/15 22:30,5904.46
2020/5/15 23:00,5777.08
2020/5/15 23:30,5608.05
2020/5/16 0:00,5431.68
2020/5/16 0:30,5233.67
2020/5/16 1:00,5094.29
2020/5/16 1:30,4994.57
2020/5/16 2:00,4938.37
2020/5/16 2:30,4899.34
2020/5/16 3:00,4868.18
2020/5/16 3:30,4834.75
2020/5/16 4:00,4863.3
2020/5/16 4:30,4872.83
2020/5/16 5:00,4895.74
2020/5/16 5:30,4988.54
2020/5/16 6:00,5029.3
2020/5/16 6:30,5154.9
2020/5/16 7:00,5297.79
2020/5/16 7:30,5331.61
2020/5/16 8:00,5273.37
2020/5/16 8:30,5145.42
2020/5/16 9:00,5101.01
2020/5/16 9:30,4915.16
2020/5/16 10:00,4771.84
2020/5/16 10:30,4590.71
2020/5/16 11:00,4575.67
2020/5/16 11:30,4586.43
2020/5/16 12:00,4573.47
2020/5/16 12:30,4593.89
2020/5/16 13:00,4681.87
2020/5/16 13:30,4793.21
2020/5/16 14:00,4918.17
2020/5/16 14:30,5035.79
2020/5/16 15:00,5216.1
2020/5/16 15:30,5397.38
2020/5/16 16:00,5605.34
2020/5/16 16:30,5851.95
2020/5/16 17:00,6142.52
2020/5/16 17:30,6366.87
2020/5/16 18:00,6556.88
2020/5/16 18:30,6509.38
2020/5/16 19:00,6453.09
2020/5/16 19:30,6277.25
2020/5/16 20:00,6155.77
2020/5/16 20:30,6055.72
2020/5/16 21:00,5915.2
2020/5/16 21:30,5816.32
2020/5/16 22:00,5742.37
2020/5/16 22:30,5736.05
2020/5/16 23:00,5660.24
2020/5/16 23:30,5473.76
2020/5/17 0:00,5317.56
2020/5/17 0:30,5180.72
2020/5/17 1:00,5056.74
2020/5/17 1:30,4960.68
2020/5/17 2:00,4902.89
2020/5/17 2:30,4861.75
2020/5/17 3:00,4788.14
2020/5/17 3:30,4752.33
2020/5/17 4:00,4761.49
2020/5/17 4:30,4808
2020/5/17 5:00,4847.96
2020/5/17 5:30,4873.65
2020/5/17 6:00,4942.74
2020/5/17 6:30,5005.27
2020/5/17 7:00,5122.94
2020/5/17 7:30,5145.41
2020/5/17 8:00,5040.97
2020/5/17 8:30,4980.76
2020/5/17 9:00,4966.43
2020/5/17 9:30,4855.28
2020/5/17 10:00,4799.59
2020/5/17 10:30,4711.33
2020/5/17 11:00,4709.37
2020/5/17 11:30,4718.97
2020/5/17 12:00,4740.38
2020/5/17 12:30,4803.47
2020/5/17 13:00,4738.24
2020/5/17 13:30,4654.41
2020/5/17 14:00,4742.75
2020/5/17 14:30,4894.73
2020/5/17 15:00,5105.43
2020/5/17 15:30,5314.76
2020/5/17 16:00,5579.21
2020/5/17 16:30,5823.98
2020/5/17 17:00,6162.91
2020/5/17 17:30,6476.31
2020/5/17 18:00,6758.89
2020/5/17 18:30,6704.28
2020/5/17 19:00,6647.13
2020/5/17 19:30,6425.59
2020/5/17 20:00,6347.08
2020/5/17 20:30,6250.39
2020/5/17 21:00,6096.69
2020/5/17 21:30,5952.11
2020/5/17 22:00,5840.51
2020/5/17 22:30,5733.96
2020/5/17 23:00,5647.04
2020/5/17 23:30,5515.39
2020/5/18 0:00,5312.56
2020/5/18 0:30,5131.33
2020/5/18 1:00,5082.07
2020/5/18 1:30,4998.44
2020/5/18 2:00,4915.71
2020/5/18 2:30,4912.99
2020/5/18 3:00,4859.39
2020/5/18 3:30,4848.39
2020/5/18 4:00,4878.51
2020/5/18 4:30,4945.36
2020/5/18 5:00,5029.45
2020/5/18 5:30,5249.25
2020/5/18 6:00,5400.34
2020/5/18 6:30,5722.75
2020/5/18 7:00,5938.06
2020/5/18 7:30,6203.31
2020/5/18 8:00,6189.97
2020/5/18 8:30,6108.54
2020/5/18 9:00,5924.01
2020/5/18 9:30,5755.28
2020/5/18 10:00,5645.8
2020/5/18 10:30,5643.05
2020/5/18 11:00,5520.44
2020/5/18 11:30,5432.83
2020/5/18 12:00,5462.32
2020/5/18 12:30,5402.67
2020/5/18 13:00,5385.07
2020/5/18 13:30,5539.14
2020/5/18 14:00,5831.79
2020/5/18 14:30,5938.51
2020/5/18 15:00,6028.55
2020/5/18 15:30,6171.22
2020/5/18 16:00,6320.88
2020/5/18 16:30,6405.38
2020/5/18 17:00,6709.89
2020/5/18 17:30,6987.63
2020/5/18 18:00,7219.92
2020/5/18 18:30,7167.83
2020/5/18 19:00,7076.66
2020/5/18 19:30,6845.84
2020/5/18 20:00,6726.78
2020/5/18 20:30,6617.37
2020/5/18 21:00,6446.12
2020/5/18 21:30,6241.44
2020/5/18 22:00,6095.43
2020/5/18 22:30,5964.3
2020/5/18 23:00,5855.13
2020/5/18 23:30,5654.25
2020/5/19 0:00,5488.49
2020/5/19 0:30,5346.03
2020/5/19 1:00,5251.78
2020/5/19 1:30,5154.78
2020/5/19 2:00,5063.37
2020/5/19 2:30,5033.29
2020/5/19 3:00,5003.39
2020/5/19 3:30,4989.2
2020/5/19 4:00,5024.79
2020/5/19 4:30,5085.3
2020/5/19 5:00,5177.1
2020/5/19 5:30,5373.05
2020/5/19 6:00,5560.66
2020/5/19 6:30,5822.16
2020/5/19 7:00,6092.84
2020/5/19 7:30,6240.41
2020/5/19 8:00,6219.42
2020/5/19 8:30,6069.7
2020/5/19 9:00,5953.45
2020/5/19 9:30,5794.74
2020/5/19 10:00,5594.54
2020/5/19 10:30,5455.93
2020/5/19 11:00,5405.33
2020/5/19 11:30,5406.43
2020/5/19 12:00,5429.36
2020/5/19 12:30,5452.3
2020/5/19 13:00,5537.24
2020/5/19 13:30,5513.94
2020/5/19 14:00,5524.93
2020/5/19 14:30,5655.15
2020/5/19 15:00,5810.49
2020/5/19 15:30,5954.4
2020/5/19 16:00,6182.64
2020/5/19 16:30,6388.73
2020/5/19 17:00,6722.62
2020/5/19 17:30,6968.73
2020/5/19 18:00,7207.31
2020/5/19 18:30,7159.18
2020/5/19 19:00,7029.35
2020/5/19 19:30,6842.34
2020/5/19 20:00,6686.18
2020/5/19 20:30,6621.67
2020/5/19 21:00,6431.75
2020/5/19 21:30,6338.8
2020/5/19 22:00,6119.4
2020/5/19 22:30,6045.72
2020/5/19 23:00,5928.81
2020/5/19 23:30,5750
2020/5/20 0:00,5575.96
2020/5/20 0:30,5444.1
2020/5/20 1:00,5283.02
2020/5/20 1:30,5220.7
2020/5/20 2:00,5174.28
2020/5/20 2:30,5067.4
2020/5/20 3:00,5053.46
2020/5/20 3:30,5044.47
2020/5/20 4:00,5037.03
2020/5/20 4:30,5135.01
2020/5/20 5:00,5198.71
2020/5/20 5:30,5383.75
2020/5/20 6:00,5578.95
2020/5/20 6:30,5878.1
2020/5/20 7:00,6155.65
2020/5/20 7:30,6391.46
2020/5/20 8:00,6510.76
2020/5/20 8:30,6372.52
2020/5/20 9:00,6327.36
2020/5/20 9:30,6272.75
2020/5/20 10:00,6175.5
2020/5/20 10:30,6196.76
2020/5/20 11:00,6146.21
2020/5/20 11:30,6018.96
2020/5/20 12:00,5955.82
2020/5/20 12:30,6056.19
2020/5/20 13:00,6077.04
2020/5/20 13:30,6178.01
2020/5/20 14:00,6242.46
2020/5/20 14:30,6353.84
2020/5/20 15:00,6451.49
2020/5/20 15:30,6532.13
2020/5/20 16:00,6610.49
2020/5/20 16:30,6763.42
2020/5/20 17:00,6926.11
2020/5/20 17:30,7217.84
2020/5/20 18:00,7289.44
2020/5/20 18:30,7194.45
2020/5/20 19:00,7088.19
2020/5/20 19:30,6882.69
2020/5/20 20:00,6835.31
2020/5/20 20:30,6669.6
2020/5/20 21:00,6491.79
2020/5/20 21:30,6312.92
2020/5/20 22:00,6110.58
2020/5/20 22:30,6010.89
2020/5/20 23:00,5906.02
2020/5/20 23:30,5710.65
2020/5/21 0:00,5552.81
2020/5/21 0:30,5386.45
2020/5/21 1:00,5238.01
2020/5/21 1:30,5153.1
2020/5/21 2:00,5094.22
2020/5/21 2:30,5035.66
2020/5/21 3:00,5018.95
2020/5/21 3:30,5017.72
2020/5/21 4:00,5040.14
2020/5/21 4:30,5081.52
2020/5/21 5:00,5202.02
2020/5/21 5:30,5343.16
2020/5/21 6:00,5501.14
2020/5/21 6:30,5812.29
2020/5/21 7:00,6037.51
2020/5/21 7:30,6296.01
2020/5/21 8:00,6354.4
2020/5/21 8:30,6215.99
2020/5/21 9:00,6167.77
2020/5/21 9:30,6164.86
2020/5/21 10:00,6264.96
2020/5/21 10:30,6251.09
2020/5/21 11:00,6263.3
2020/5/21 11:30,6247.31
2020/5/21 12:00,6225.11
2020/5/21 12:30,6270.68
2020/5/21 13:00,6401.76
2020/5/21 13:30,6424.12
2020/5/21 14:00,6467.67
2020/5/21 14:30,6453.55
2020/5/21 15:00,6449.26
2020/5/21 15:30,6481.25
2020/5/21 16:00,6593.79
2020/5/21 16:30,6774.22
2020/5/21 17:00,6965.76
2020/5/21 17:30,7127.23
2020/5/21 18:00,7251.35
2020/5/21 18:30,7177.76
2020/5/21 19:00,7080.19
2020/5/21 19:30,6875.2
2020/5/21 20:00,6767.48
2020/5/21 20:30,6633.64
2020/5/21 21:00,6455.27
2020/5/21 21:30,6285.03
2020/5/21 22:00,6061.41
2020/5/21 22:30,5976.99
2020/5/21 23:00,5904
2020/5/21 23:30,5710.61
2020/5/22 0:00,5521.75
2020/5/22 0:30,5346.72
2020/5/22 1:00,5162.7
2020/5/22 1:30,5105.55
2020/5/22 2:00,5024.23
2020/5/22 2:30,4974.71
2020/5/22 3:00,4974.49
2020/5/22 3:30,4934.65
2020/5/22 4:00,4943.68
2020/5/22 4:30,5084.02
2020/5/22 5:00,5192.95
2020/5/22 5:30,5379.8
2020/5/22 6:00,5547.85
2020/5/22 6:30,5841.31
2020/5/22 7:00,6129.8
2020/5/22 7:30,6338.46
2020/5/22 8:00,6300.89
2020/5/22 8:30,6287.61
2020/5/22 9:00,6068.88
2020/5/22 9:30,6065.18
2020/5/22 10:00,5806.61
2020/5/22 10:30,5790.89
2020/5/22 11:00,5772.5
2020/5/22 11:30,5544.71
2020/5/22 12:00,5329.5
2020/5/22 12:30,5457.04
2020/5/22 13:00,5691.56
2020/5/22 13:30,5804.37
2020/5/22 14:00,5943.13
2020/5/22 14:30,5868.29
2020/5/22 15:00,5920.09
2020/5/22 15:30,6195.99
2020/5/22 16:00,6428.34
2020/5/22 16:30,6679.29
2020/5/22 17:00,6998.4
2020/5/22 17:30,7244.2
2020/5/22 18:00,7383.86
2020/5/22 18:30,7409.3
2020/5/22 19:00,7297.7
2020/5/22 19:30,7171.34
2020/5/22 20:00,7087.12
2020/5/22 20:30,7025.68
2020/5/22 21:00,6822.83
2020/5/22 21:30,6659.76
2020/5/22 22:00,6442.52
2020/5/22 22:30,6335.53
2020/5/22 23:00,6183.16
2020/5/22 23:30,5980.03
2020/5/23 0:00,5713.36
2020/5/23 0:30,5544.2
2020/5/23 1:00,5374.12
2020/5/23 1:30,5280.9
2020/5/23 2:00,5205.24
2020/5/23 2:30,5124.55
2020/5/23 3:00,5073.08
2020/5/23 3:30,5070.86
2020/5/23 4:00,5041.72
2020/5/23 4:30,5039.5
2020/5/23 5:00,5080.28
2020/5/23 5:30,5190.58
2020/5/23 6:00,5267.24
2020/5/23 6:30,5415.61
2020/5/23 7:00,5573.35
2020/5/23 7:30,5822.12
2020/5/23 8:00,6063.89
2020/5/23 8:30,6311.09
2020/5/23 9:00,6454.68
2020/5/23 9:30,6518.28
2020/5/23 10:00,6536.51
2020/5/23 10:30,6496.9
2020/5/23 11:00,6510.82
2020/5/23 11:30,6397.41
2020/5/23 12:00,6298.5
2020/5/23 12:30,6276.54
2020/5/23 13:00,6224.59
2020/5/23 13:30,6181.5
2020/5/23 14:00,6217.25
2020/5/23 14:30,6298.63
2020/5/23 15:00,6432.58
2020/5/23 15:30,6563.22
2020/5/23 16:00,6759.53
2020/5/23 16:30,6933.2
2020/5/23 17:00,7216.08
2020/5/23 17:30,7474.47
2020/5/23 18:00,7694.34
2020/5/23 18:30,7614.13
2020/5/23 19:00,7544.42
2020/5/23 19:30,7406.9
2020/5/23 20:00,7289.08
2020/5/23 20:30,7173.82
2020/5/23 21:00,6984.04
2020/5/23 21:30,6788.78
2020/5/23 22:00,6651.52
2020/5/23 22:30,6510.24
2020/5/23 23:00,6309.44
2020/5/23 23:30,6083.68
2020/5/24 0:00,5836.63
2020/5/24 0:30,5669.14
2020/5/24 1:00,5520.2
2020/5/24 1:30,5344.42
2020/5/24 2:00,5237.8
2020/5/24 2:30,5154.23
2020/5/24 3:00,5139.33
2020/5/24 3:30,5092.61
2020/5/24 4:00,5073.79
2020/5/24 4:30,5099.93
2020/5/24 5:00,5157.71
2020/5/24 5:30,5246.15
2020/5/24 6:00,5292.32
2020/5/24 6:30,5449.96
2020/5/24 7:00,5560.04
2020/5/24 7:30,5690.71
2020/5/24 8:00,5639.32
2020/5/24 8:30,5647.54
2020/5/24 9:00,5562.59
2020/5/24 9:30,5365.51
2020/5/24 10:00,5190.3
2020/5/24 10:30,4964.86
2020/5/24 11:00,4739.58
2020/5/24 11:30,4610.64
2020/5/24 12:00,4542.12
2020/5/24 12:30,4472.51
2020/5/24 13:00,4502.16
2020/5/24 13:30,4563.45
2020/5/24 14:00,4684.55
2020/5/24 14:30,4849.79
2020/5/24 15:00,5082.81
2020/5/24 15:30,5372.19
2020/5/24 16:00,5662.73
2020/5/24 16:30,6062.05
2020/5/24 17:00,6498.01
2020/5/24 17:30,6894.19
2020/5/24 18:00,7271.97
2020/5/24 18:30,7291.08
2020/5/24 19:00,7289.75
2020/5/24 19:30,7123.95
2020/5/24 20:00,7033.43
2020/5/24 20:30,6910.31
2020/5/24 21:00,6744.05
2020/5/24 21:30,6564
2020/5/24 22:00,6305.69
2020/5/24 22:30,6152.51
2020/5/24 23:00,5986.7
2020/5/24 23:30,5784.24
2020/5/25 0:00,5562.16
2020/5/25 0:30,5400.55
2020/5/25 1:00,5286.32
2020/5/25 1:30,5181.44
2020/5/25 2:00,5130.46
2020/5/25 2:30,5060.17
2020/5/25 3:00,5020.45
2020/5/25 3:30,5003.44
2020/5/25 4:00,5041.54
2020/5/25 4:30,5104.53
2020/5/25 5:00,5219.33
2020/5/25 5:30,5474.79
2020/5/25 6:00,5681.04
2020/5/25 6:30,6158.41
2020/5/25 7:00,6571.47
2020/5/25 7:30,6790.53
2020/5/25 8:00,6690.84
2020/5/25 8:30,6412.66
2020/5/25 9:00,6048.77
2020/5/25 9:30,5670.21
2020/5/25 10:00,5430.52
2020/5/25 10:30,5178.97
2020/5/25 11:00,4980.94
2020/5/25 11:30,4884.74
2020/5/25 12:00,4860.61
2020/5/25 12:30,4863.67
2020/5/25 13:00,4890.59
2020/5/25 13:30,4952.68
2020/5/25 14:00,5077.8
2020/5/25 14:30,5240.8
2020/5/25 15:00,5470.61
2020/5/25 15:30,5664.84
2020/5/25 16:00,5950.7
2020/5/25 16:30,6280.91
2020/5/25 17:00,6675
2020/5/25 17:30,7009.53
2020/5/25 18:00,7296.19
2020/5/25 18:30,7319.51
2020/5/25 19:00,7294.16
2020/5/25 19:30,7054.67
2020/5/25 20:00,7011.4
2020/5/25 20:30,6908.58
2020/5/25 21:00,6676.54
2020/5/25 21:30,6477.99
2020/5/25 22:00,6282.85
2020/5/25 22:30,6136.02
2020/5/25 23:00,6007.61
2020/5/25 23:30,5783.29
2020/5/26 0:00,5569.2
2020/5/26 0:30,5464.44
2020/5/26 1:00,5271.66
2020/5/26 1:30,5189.44
2020/5/26 2:00,5130.64
2020/5/26 2:30,5112.17
2020/5/26 3:00,5068.75
2020/5/26 3:30,5022.36
2020/5/26 4:00,5061.28
2020/5/26 4:30,5136.84
2020/5/26 5:00,5236.2
2020/5/26 5:30,5492.5
2020/5/26 6:00,5751.91
2020/5/26 6:30,6169.14
2020/5/26 7:00,6572.04
2020/5/26 7:30,6818.49
2020/5/26 8:00,6643.46
2020/5/26 8:30,6236.18
2020/5/26 9:00,5909.08
2020/5/26 9:30,5549.44
2020/5/26 10:00,5324.14
2020/5/26 10:30,5111.81
2020/5/26 11:00,4938.57
2020/5/26 11:30,4834.59
2020/5/26 12:00,4777.93
2020/5/26 12:30,4810.27
2020/5/26 13:00,4852.68
2020/5/26 13:30,4900.34
2020/5/26 14:00,5018.63
2020/5/26 14:30,5169.97
2020/5/26 15:00,5373.48
2020/5/26 15:30,5605.91
2020/5/26 16:00,5951.14
2020/5/26 16:30,6236.34
2020/5/26 17:00,6549.82
2020/5/26 17:30,6961.22
2020/5/26 18:00,7251.58
2020/5/26 18:30,7280.26
2020/5/26 19:00,7265.45
2020/5/26 19:30,7080.34
2020/5/26 20:00,6981.21
2020/5/26 20:30,6853.03
2020/5/26 21:00,6675.25
2020/5/26 21:30,6459.08
2020/5/26 22:00,6318.99
2020/5/26 22:30,6232.1
2020/5/26 23:00,6047.49
2020/5/26 23:30,5842.04
2020/5/27 0:00,5628.25
2020/5/27 0:30,5494.85
2020/5/27 1:00,5332.39
2020/5/27 1:30,5235.89
2020/5/27 2:00,5168.63
2020/5/27 2:30,5130.81
2020/5/27 3:00,5101.86
2020/5/27 3:30,5049.44
2020/5/27 4:00,5086.41
2020/5/27 4:30,5155.56
2020/5/27 5:00,5245.47
2020/5/27 5:30,5440.28
2020/5/27 6:00,5670.17
2020/5/27 6:30,6031.41
2020/5/27 7:00,6361.58
2020/5/27 7:30,6697.83
2020/5/27 8:00,6704.11
2020/5/27 8:30,6487.7
2020/5/27 9:00,6286.44
2020/5/27 9:30,6133.58
2020/5/27 10:00,5941.68
2020/5/27 10:30,5693.21
2020/5/27 11:00,5416.67
2020/5/27 11:30,5191.53
2020/5/27 12:00,5045.97
2020/5/27 12:30,5016.56
2020/5/27 13:00,5001.89
2020/5/27 13:30,5076.49
2020/5/27 14:00,5195.71
2020/5/27 14:30,5339.32
2020/5/27 15:00,5538.65
2020/5/27 15:30,5682.22
2020/5/27 16:00,5946.75
2020/5/27 16:30,6211.11
2020/5/27 17:00,6587.67
2020/5/27 17:30,6923.8
2020/5/27 18:00,7087.41
2020/5/27 18:30,7116
2020/5/27 19:00,7070.4
2020/5/27 19:30,6932.31
2020/5/27 20:00,6832.07
2020/5/27 20:30,6717.39
2020/5/27 21:00,6502.09
2020/5/27 21:30,6404.25
2020/5/27 22:00,6220.92
2020/5/27 22:30,6065.44
2020/5/27 23:00,5962.32
2020/5/27 23:30,5735.3
2020/5/28 0:00,5556.53
2020/5/28 0:30,5411.74
2020/5/28 1:00,5258.54
2020/5/28 1:30,5125.15
2020/5/28 2:00,5076.24
2020/5/28 2:30,5010.29
2020/5/28 3:00,4973.39
2020/5/28 3:30,4984.85
2020/5/28 4:00,5018.91
2020/5/28 4:30,5089.67
2020/5/28 5:00,5182.56
2020/5/28 5:30,5390.14
2020/5/28 6:00,5593.94
2020/5/28 6:30,5928.91
2020/5/28 7:00,6261.8
2020/5/28 7:30,6597.62
2020/5/28 8:00,6642.9
2020/5/28 8:30,6533.64
2020/5/28 9:00,6418.42
2020/5/28 9:30,6070.72
2020/5/28 10:00,5840.44
2020/5/28 10:30,5615.51
2020/5/28 11:00,5532.35
2020/5/28 11:30,5304.64
2020/5/28 12:00,5242.72
2020/5/28 12:30,5164.95
2020/5/28 13:00,5234.29
2020/5/28 13:30,5210.67
2020/5/28 14:00,5292.52
2020/5/28 14:30,5433.51
2020/5/28 15:00,5598.43
2020/5/28 15:30,5776.62
2020/5/28 16:00,6093.95
2020/5/28 16:30,6363.43
2020/5/28 17:00,6658.76
2020/5/28 17:30,6912.1
2020/5/28 18:00,7114.74
2020/5/28 18:30,7111.71
2020/5/28 19:00,7076.77
2020/5/28 19:30,6914.75
2020/5/28 20:00,6833.1
2020/5/28 20:30,6707.5
2020/5/28 21:00,6543.96
2020/5/28 21:30,6376.17
2020/5/28 22:00,6172.02
2020/5/28 22:30,6107.99
2020/5/28 23:00,5984.33
2020/5/28 23:30,5810.58
2020/5/29 0:00,5595.99
2020/5/29 0:30,5443.57
2020/5/29 1:00,5301.47
2020/5/29 1:30,5188.25
2020/5/29 2:00,5128.14
2020/5/29 2:30,5107.55
2020/5/29 3:00,5058.7
2020/5/29 3:30,5064.88
2020/5/29 4:00,5103.21
2020/5/29 4:30,5133.02
2020/5/29 5:00,5205.95
2020/5/29 5:30,5384.67
2020/5/29 6:00,5585.96
2020/5/29 6:30,5921.32
2020/5/29 7:00,6202.7
2020/5/29 7:30,6406.6
2020/5/29 8:00,6307.45
2020/5/29 8:30,6142.58
2020/5/29 9:00,5870.57
2020/5/29 9:30,5671.6
2020/5/29 10:00,5458.41
2020/5/29 10:30,5363.23
2020/5/29 11:00,5363.52
2020/5/29 11:30,5282.03
2020/5/29 12:00,5164.34
2020/5/29 12:30,5192.53
2020/5/29 13:00,5220.09
2020/5/29 13:30,5269.07
2020/5/29 14:00,5356.99
2020/5/29 14:30,5515.03
2020/5/29 15:00,5609.21
2020/5/29 15:30,5770.75
2020/5/29 16:00,6044.35
2020/5/29 16:30,6347.84
2020/5/29 17:00,6579.71
2020/5/29 17:30,6849.56
2020/5/29 18:00,6940.35
2020/5/29 18:30,6898.03
2020/5/29 19:00,6871.15
2020/5/29 19:30,6734.8
2020/5/29 20:00,6607.92
2020/5/29 20:30,6577.22
2020/5/29 21:00,6425.21
2020/5/29 21:30,6247.8
2020/5/29 22:00,6150.24
2020/5/29 22:30,6074.91
2020/5/29 23:00,5986.04
2020/5/29 23:30,5844.16
2020/5/30 0:00,5591.13
2020/5/30 0:30,5421.21
2020/5/30 1:00,5281.15
2020/5/30 1:30,5152.52
2020/5/30 2:00,5090.8
2020/5/30 2:30,5059.31
2020/5/30 3:00,5009.63
2020/5/30 3:30,4968.73
2020/5/30 4:00,4967.32
2020/5/30 4:30,5011.26
2020/5/30 5:00,5036.25
2020/5/30 5:30,5133.61
2020/5/30 6:00,5201.89
2020/5/30 6:30,5324.95
2020/5/30 7:00,5502.68
2020/5/30 7:30,5601.6
2020/5/30 8:00,5543.16
2020/5/30 8:30,5464.69
2020/5/30 9:00,5354.84
2020/5/30 9:30,5179.96
2020/5/30 10:00,5000.81
2020/5/30 10:30,4832.73
2020/5/30 11:00,4755.97
2020/5/30 11:30,4751.79
2020/5/30 12:00,4721.85
2020/5/30 12:30,4685.86
2020/5/30 13:00,4680.07
2020/5/30 13:30,4681.12
2020/5/30 14:00,4791.12
2020/5/30 14:30,4928.15
2020/5/30 15:00,5109.91
2020/5/30 15:30,5346.55
2020/5/30 16:00,5562.89
2020/5/30 16:30,5909.54
2020/5/30 17:00,6225.45
2020/5/30 17:30,6505.24
2020/5/30 18:00,6703.52
2020/5/30 18:30,6667.1
2020/5/30 19:00,6657.11
2020/5/30 19:30,6487.84
2020/5/30 20:00,6439.21
2020/5/30 20:30,6345.67
2020/5/30 21:00,6187.79
2020/5/30 21:30,6094.72
2020/5/30 22:00,5937.06
2020/5/30 22:30,5905.5
2020/5/30 23:00,5857.88
2020/5/30 23:30,5683.69
2020/5/31 0:00,5491.06
2020/5/31 0:30,5346.83
2020/5/31 1:00,5183.4
2020/5/31 1:30,5130.39
2020/5/31 2:00,5027.43
2020/5/31 2:30,4983.56
2020/5/31 3:00,4925.19
2020/5/31 3:30,4897.11
2020/5/31 4:00,4886.49
2020/5/31 4:30,4914.42
2020/5/31 5:00,4915.95
2020/5/31 5:30,4966.51
2020/5/31 6:00,5014.92
2020/5/31 6:30,5116.56
2020/5/31 7:00,5172.58
2020/5/31 7:30,5306.79
2020/5/31 8:00,5309.87
2020/5/31 8:30,5317.38
2020/5/31 9:00,5305.64
2020/5/31 9:30,5293.54
2020/5/31 10:00,5175.65
2020/5/31 10:30,5065.25
2020/5/31 11:00,5033.14
2020/5/31 11:30,5129.04
2020/5/31 12:00,5196.51
2020/5/31 12:30,5170.76
2020/5/31 13:00,5093.86
2020/5/31 13:30,5057.97
2020/5/31 14:00,5041.16
2020/5/31 14:30,5055.03
2020/5/31 15:00,5153.59
2020/5/31 15:30,5336.28
2020/5/31 16:00,5626.81
2020/5/31 16:30,5930.28
2020/5/31 17:00,6289.26
2020/5/31 17:30,6672.34
2020/5/31 18:00,6907.25
2020/5/31 18:30,6859.43
2020/5/31 19:00,6846.04
2020/5/31 19:30,6706.83
2020/5/31 20:00,6633.78
2020/5/31 20:30,6545.12
2020/5/31 21:00,6362.2
2020/5/31 21:30,6191.13
2020/5/31 22:00,5993.64
2020/5/31 22:30,5938.59
2020/5/31 23:00,5820.26
2020/5/31 23:30,5613.23
2020/6/1 0:00,5413.94
2020/6/1 0:30,5240.84
2020/6/1 1:00,5154.97
2020/6/1 1:30,5094.2
2020/6/1 2:00,5002.73
2020/6/1 2:30,4984.6
2020/6/1 3:00,4940.02
2020/6/1 3:30,4916.5
2020/6/1 4:00,4948.96
2020/6/1 4:30,5012.15
2020/6/1 5:00,5114.83
2020/6/1 5:30,5297.66
2020/6/1 6:00,5526.64
2020/6/1 6:30,5878.34
2020/6/1 7:00,6171.75
2020/6/1 7:30,6396.91
2020/6/1 8:00,6429.65
2020/6/1 8:30,6270.97
2020/6/1 9:00,6001.05
2020/6/1 9:30,5864.55
2020/6/1 10:00,5775.99
2020/6/1 10:30,5638.98
2020/6/1 11:00,5498.42
2020/6/1 11:30,5397.4
2020/6/1 12:00,5329.66
2020/6/1 12:30,5361.01
2020/6/1 13:00,5416.99
2020/6/1 13:30,5489.8
2020/6/1 14:00,5587.69
2020/6/1 14:30,5697.81
2020/6/1 15:00,5776.41
2020/6/1 15:30,5952.26
2020/6/1 16:00,6239.86
2020/6/1 16:30,6429.14
2020/6/1 17:00,6746.92
2020/6/1 17:30,7077.17
2020/6/1 18:00,7312.47
2020/6/1 18:30,7231.48
2020/6/1 19:00,7122.23
2020/6/1 19:30,6925.3
2020/6/1 20:00,6800.58
2020/6/1 20:30,6699.47
2020/6/1 21:00,6473.88
2020/6/1 21:30,6276.18
2020/6/1 22:00,6112.54
2020/6/1 22:30,6020.21
2020/6/1 23:00,5882.11
2020/6/1 23:30,5695.65
2020/6/2 0:00,5498.9
2020/6/2 0:30,5356.77
2020/6/2 1:00,5279.12
2020/6/2 1:30,5161.78
2020/6/2 2:00,5095.41
2020/6/2 2:30,5032.18
2020/6/2 3:00,5015.47
2020/6/2 3:30,5017.8
2020/6/2 4:00,5070.99
2020/6/2 4:30,5141.21
2020/6/2 5:00,5193.63
2020/6/2 5:30,5412.11
2020/6/2 6:00,5619.83
2020/6/2 6:30,5963.53
2020/6/2 7:00,6336.75
2020/6/2 7:30,6549.61
2020/6/2 8:00,6396.67
2020/6/2 8:30,6119.76
2020/6/2 9:00,5870.6
2020/6/2 9:30,5571.57
2020/6/2 10:00,5320.77
2020/6/2 10:30,5162.23
2020/6/2 11:00,5009.35
2020/6/2 11:30,4863
2020/6/2 12:00,4826.16
2020/6/2 12:30,4826.79
2020/6/2 13:00,4866
2020/6/2 13:30,4923.28
2020/6/2 14:00,5024.23
2020/6/2 14:30,5209.99
2020/6/2 15:00,5379.61
2020/6/2 15:30,5626.55
2020/6/2 16:00,6022.39
2020/6/2 16:30,6356.99
2020/6/2 17:00,6806.58
2020/6/2 17:30,7255.98
2020/6/2 18:00,7586
2020/6/2 18:30,7644.81
2020/6/2 19:00,7595.32
2020/6/2 19:30,7399.99
2020/6/2 20:00,7298.68
2020/6/2 20:30,7152.74
2020/6/2 21:00,6973.47
2020/6/2 21:30,6714.89
2020/6/2 22:00,6541.13
2020/6/2 22:30,6358.33
2020/6/2 23:00,6162.32
2020/6/2 23:30,5963.47
2020/6/3 0:00,5708.59
2020/6/3 0:30,5561.1
2020/6/3 1:00,5397.24
2020/6/3 1:30,5303.78
2020/6/3 2:00,5260.12
2020/6/3 2:30,5220.45
2020/6/3 3:00,5206.05
2020/6/3 3:30,5238.37
2020/6/3 4:00,5258.73
2020/6/3 4:30,5330.94
2020/6/3 5:00,5432.64
2020/6/3 5:30,5672.97
2020/6/3 6:00,5919.19
2020/6/3 6:30,6392.18
2020/6/3 7:00,6782.61
2020/6/3 7:30,7109.87
2020/6/3 8:00,6937.75
2020/6/3 8:30,6574.84
2020/6/3 9:00,6190.6
2020/6/3 9:30,5856.85
2020/6/3 10:00,5534.13
2020/6/3 10:30,5310.55
2020/6/3 11:00,5087.57
2020/6/3 11:30,4976.43
2020/6/3 12:00,4872.78
2020/6/3 12:30,4839.67
2020/6/3 13:00,4884.39
2020/6/3 13:30,4964.68
2020/6/3 14:00,5078.2
2020/6/3 14:30,5249.66
2020/6/3 15:00,5440.54
2020/6/3 15:30,5704.49
2020/6/3 16:00,6032.75
2020/6/3 16:30,6387.42
2020/6/3 17:00,6769.02
2020/6/3 17:30,7195.76
2020/6/3 18:00,7479.8
2020/6/3 18:30,7492.68
2020/6/3 19:00,7522.27
2020/6/3 19:30,7355.08
2020/6/3 20:00,7269.44
2020/6/3 20:30,7196.9
2020/6/3 21:00,6967.35
2020/6/3 21:30,6721.55
2020/6/3 22:00,6488.55
2020/6/3 22:30,6309.62
2020/6/3 23:00,6144.67
2020/6/3 23:30,5964.78
2020/6/4 0:00,5708.87
2020/6/4 0:30,5556.55
2020/6/4 1:00,5420
2020/6/4 1:30,5326.29
2020/6/4 2:00,5274.73
2020/6/4 2:30,5217.26
2020/6/4 3:00,5190.02
2020/6/4 3:30,5220.71
2020/6/4 4:00,5227.05
2020/6/4 4:30,5324.97
2020/6/4 5:00,5396
2020/6/4 5:30,5643.34
2020/6/4 6:00,5928.59
2020/6/4 6:30,6376.24
2020/6/4 7:00,6768.32
2020/6/4 7:30,7055.88
2020/6/4 8:00,6945.91
2020/6/4 8:30,6600.85
2020/6/4 9:00,6238.23
2020/6/4 9:30,5871.15
2020/6/4 10:00,5599.08
2020/6/4 10:30,5378.51
2020/6/4 11:00,5286.44
2020/6/4 11:30,5253.64
2020/6/4 12:00,5276.92
2020/6/4 12:30,5357.39
2020/6/4 13:00,5386.82
2020/6/4 13:30,5442.69
2020/6/4 14:00,5545.32
2020/6/4 14:30,5654.93
2020/6/4 15:00,5818.46
2020/6/4 15:30,5948.01
2020/6/4 16:00,6202.49
2020/6/4 16:30,6475.79
2020/6/4 17:00,6833.67
2020/6/4 17:30,7195.03
2020/6/4 18:00,7505.97
2020/6/4 18:30,7497.4
2020/6/4 19:00,7496.26
2020/6/4 19:30,7360.73
2020/6/4 20:00,7245.64
2020/6/4 20:30,7157.16
2020/6/4 21:00,6938.44
2020/6/4 21:30,6714.06
2020/6/4 22:00,6493.63
2020/6/4 22:30,6319.73
2020/6/4 23:00,6156.18
2020/6/4 23:30,5939.35
2020/6/5 0:00,5691.22
2020/6/5 0:30,5587.65
2020/6/5 1:00,5425.63
2020/6/5 1:30,5319.97
2020/6/5 2:00,5248.71
2020/6/5 2:30,5196.72
2020/6/5 3:00,5173.6
2020/6/5 3:30,5192.01
2020/6/5 4:00,5202.48
2020/6/5 4:30,5253.06
2020/6/5 5:00,5374.07
2020/6/5 5:30,5596.13
2020/6/5 6:00,5830.21
2020/6/5 6:30,6222.56
2020/6/5 7:00,6571.09
2020/6/5 7:30,6853.16
2020/6/5 8:00,6802.51
2020/6/5 8:30,6504.8
2020/6/5 9:00,6163.32
2020/6/5 9:30,5927.39
2020/6/5 10:00,5677.57
2020/6/5 10:30,5495.72
2020/6/5 11:00,5386.11
2020/6/5 11:30,5325.82
2020/6/5 12:00,5313.3
2020/6/5 12:30,5338.8
2020/6/5 13:00,5406.46
2020/6/5 13:30,5448.94
2020/6/5 14:00,5490.04
2020/6/5 14:30,5593.09
2020/6/5 15:00,5677.4
2020/6/5 15:30,5840.77
2020/6/5 16:00,6066.89
2020/6/5 16:30,6337.41
2020/6/5 17:00,6661.43
2020/6/5 17:30,6880.33
2020/6/5 18:00,7085.03
2020/6/5 18:30,7055.07
2020/6/5 19:00,7026.59
2020/6/5 19:30,6910.69
2020/6/5 20:00,6854.25
2020/6/5 20:30,6781.52
2020/6/5 21:00,6588.66
2020/6/5 21:30,6471.56
2020/6/5 22:00,6257.12
2020/6/5 22:30,6204.95
2020/6/5 23:00,6041.89
2020/6/5 23:30,5915.84
2020/6/6 0:00,5698.43
2020/6/6 0:30,5549.96
2020/6/6 1:00,5386.55
2020/6/6 1:30,5265.02
2020/6/6 2:00,5187.69
2020/6/6 2:30,5135.32
2020/6/6 3:00,5128.71
2020/6/6 3:30,5086.17
2020/6/6 4:00,5101.78
2020/6/6 4:30,5121.79
2020/6/6 5:00,5183.16
2020/6/6 5:30,5272.04
2020/6/6 6:00,5362.61
2020/6/6 6:30,5533.54
2020/6/6 7:00,5687.98
2020/6/6 7:30,5898.16
2020/6/6 8:00,5877.07
2020/6/6 8:30,5781.56
2020/6/6 9:00,5653.19
2020/6/6 9:30,5445.25
2020/6/6 10:00,5225.88
2020/6/6 10:30,5026.08
2020/6/6 11:00,4886.69
2020/6/6 11:30,4746.52
2020/6/6 12:00,4669.12
2020/6/6 12:30,4666.44
2020/6/6 13:00,4674.27
2020/6/6 13:30,4675.33
2020/6/6 14:00,4778.6
2020/6/6 14:30,4942.77
2020/6/6 15:00,5149.36
2020/6/6 15:30,5384.18
2020/6/6 16:00,5657.02
2020/6/6 16:30,5947.08
2020/6/6 17:00,6247.33
2020/6/6 17:30,6569.41
2020/6/6 18:00,6801.18
2020/6/6 18:30,6771.59
2020/6/6 19:00,6715.49
2020/6/6 19:30,6626.09
2020/6/6 20:00,6603.58
2020/6/6 20:30,6539.91
2020/6/6 21:00,6326.33
2020/6/6 21:30,6207.93
2020/6/6 22:00,6102.62
2020/6/6 22:30,6057.35
2020/6/6 23:00,5945.94
2020/6/6 23:30,5746.63
2020/6/7 0:00,5546.8
2020/6/7 0:30,5414.44
2020/6/7 1:00,5341.13
2020/6/7 1:30,5249.59
2020/6/7 2:00,5150.18
2020/6/7 2:30,5092.86
2020/6/7 3:00,5021.58
2020/6/7 3:30,5042.08
2020/6/7 4:00,5043.77
2020/6/7 4:30,5075.67
2020/6/7 5:00,5061.59
2020/6/7 5:30,5152.24
2020/6/7 6:00,5202.84
2020/6/7 6:30,5316.99
2020/6/7 7:00,5459.42
2020/6/7 7:30,5658.3
2020/6/7 8:00,5677.58
2020/6/7 8:30,5714
2020/6/7 9:00,5641.19
2020/6/7 9:30,5496.73
2020/6/7 10:00,5345.77
2020/6/7 10:30,5245.75
2020/6/7 11:00,5187.79
2020/6/7 11:30,5158.79
2020/6/7 12:00,5120.84
2020/6/7 12:30,5178.13
2020/6/7 13:00,5175.39
2020/6/7 13:30,5144.19
2020/6/7 14:00,5224.78
2020/6/7 14:30,5362.87
2020/6/7 15:00,5537.5
2020/6/7 15:30,5640.41
2020/6/7 16:00,5816.05
2020/6/7 16:30,6078.87
2020/6/7 17:00,6448.51
2020/6/7 17:30,6821.28
2020/6/7 18:00,7041.14
2020/6/7 18:30,7029.76
2020/6/7 19:00,7002.89
2020/6/7 19:30,6822.54
2020/6/7 20:00,6746.19
2020/6/7 20:30,6623.15
2020/6/7 21:00,6443.29
2020/6/7 21:30,6302.66
2020/6/7 22:00,6115.86
2020/6/7 22:30,6022.15
2020/6/7 23:00,5970.08
2020/6/7 23:30,5758.02
2020/6/8 0:00,5577.72
2020/6/8 0:30,5455.76
2020/6/8 1:00,5325.66
2020/6/8 1:30,5199.32
2020/6/8 2:00,5120.56
2020/6/8 2:30,5106.96
2020/6/8 3:00,5062.85
2020/6/8 3:30,5057.99
2020/6/8 4:00,5048.16
2020/6/8 4:30,5162.96
2020/6/8 5:00,5287.49
2020/6/8 5:30,5495.12
2020/6/8 6:00,5682.02
2020/6/8 6:30,6057.25
2020/6/8 7:00,6473.38
2020/6/8 7:30,6796.11
2020/6/8 8:00,6744.94
2020/6/8 8:30,6456.12
2020/6/8 9:00,6115.61
2020/6/8 9:30,5863.96
2020/6/8 10:00,5620.1
2020/6/8 10:30,5493.72
2020/6/8 11:00,5371.15
2020/6/8 11:30,5300.18
2020/6/8 12:00,5377.05
2020/6/8 12:30,5413
2020/6/8 13:00,5511.42
2020/6/8 13:30,5487.18
2020/6/8 14:00,5501.77
2020/6/8 14:30,5655.88
2020/6/8 15:00,5813.31
2020/6/8 15:30,6025.26
2020/6/8 16:00,6260.1
2020/6/8 16:30,6494.99
2020/6/8 17:00,6877.14
2020/6/8 17:30,7228.4
2020/6/8 18:00,7500.09
2020/6/8 18:30,7488.35
2020/6/8 19:00,7448.07
2020/6/8 19:30,7266.33
2020/6/8 20:00,7174.38
2020/6/8 20:30,7056.43
2020/6/8 21:00,6861.44
2020/6/8 21:30,6663.28
2020/6/8 22:00,6456.95
2020/6/8 22:30,6321.93
2020/6/8 23:00,6172.81
2020/6/8 23:30,5979.74
2020/6/9 0:00,5775.64
2020/6/9 0:30,5559.49
2020/6/9 1:00,5447.44
2020/6/9 1:30,5342.28
2020/6/9 2:00,5229.51
2020/6/9 2:30,5207.6
2020/6/9 3:00,5176.86
2020/6/9 3:30,5156.51
2020/6/9 4:00,5189.69
2020/6/9 4:30,5267.47
2020/6/9 5:00,5376.23
2020/6/9 5:30,5596.06
2020/6/9 6:00,5833.23
2020/6/9 6:30,6246.13
2020/6/9 7:00,6686.09
2020/6/9 7:30,7006.3
2020/6/9 8:00,6941.97
2020/6/9 8:30,6694.02
2020/6/9 9:00,6273.29
2020/6/9 9:30,5935.84
2020/6/9 10:00,5651.76
2020/6/9 10:30,5412.71
2020/6/9 11:00,5228.85
2020/6/9 11:30,5161.8
2020/6/9 12:00,5253.71
2020/6/9 12:30,5364.82
2020/6/9 13:00,5434.5
2020/6/9 13:30,5450.6
2020/6/9 14:00,5483.15
2020/6/9 14:30,5530.2
2020/6/9 15:00,5698.03
2020/6/9 15:30,5857.88
2020/6/9 16:00,6147.24
2020/6/9 16:30,6460.84
2020/6/9 17:00,6824.06
2020/6/9 17:30,7158.87
2020/6/9 18:00,7412.72
2020/6/9 18:30,7326.44
2020/6/9 19:00,7254.53
2020/6/9 19:30,7106.81
2020/6/9 20:00,7036.16
2020/6/9 20:30,6942.86
2020/6/9 21:00,6709.8
2020/6/9 21:30,6470.59
2020/6/9 22:00,6261.81
2020/6/9 22:30,6134.95
2020/6/9 23:00,5963.78
2020/6/9 23:30,5782.03
2020/6/10 0:00,5565.4
2020/6/10 0:30,5442.12
2020/6/10 1:00,5325.6
2020/6/10 1:30,5244.28
2020/6/10 2:00,5178.37
2020/6/10 2:30,5139.2
2020/6/10 3:00,5139.41
2020/6/10 3:30,5096.1
2020/6/10 4:00,5109.93
2020/6/10 4:30,5166.6
2020/6/10 5:00,5269.16
2020/6/10 5:30,5519.43
2020/6/10 6:00,5738.36
2020/6/10 6:30,6129.18
2020/6/10 7:00,6397.89
2020/6/10 7:30,6719.46
2020/6/10 8:00,6733.88
2020/6/10 8:30,6497.28
2020/6/10 9:00,6302.52
2020/6/10 9:30,6168.49
2020/6/10 10:00,5969
2020/6/10 10:30,5745.39
2020/6/10 11:00,5653.75
2020/6/10 11:30,5681
2020/6/10 12:00,5678.01
2020/6/10 12:30,5719.48
2020/6/10 13:00,5749
2020/6/10 13:30,5785.74
2020/6/10 14:00,5872.44
2020/6/10 14:30,5988.42
2020/6/10 15:00,6067.03
2020/6/10 15:30,6169.11
2020/6/10 16:00,6403.25
2020/6/10 16:30,6564.44
2020/6/10 17:00,6841.24
2020/6/10 17:30,7146.19
2020/6/10 18:00,7385.57
2020/6/10 18:30,7345.45
2020/6/10 19:00,7255.89
2020/6/10 19:30,7125.72
2020/6/10 20:00,6968.85
2020/6/10 20:30,6853.62
2020/6/10 21:00,6653.65
2020/6/10 21:30,6470.54
2020/6/10 22:00,6271.76
2020/6/10 22:30,6157.73
2020/6/10 23:00,6028.34
2020/6/10 23:30,5828.85
2020/6/11 0:00,5596.12
2020/6/11 0:30,5442.08
2020/6/11 1:00,5294.78
2020/6/11 1:30,5217.97
2020/6/11 2:00,5150.55
2020/6/11 2:30,5060.3
2020/6/11 3:00,5056.48
2020/6/11 3:30,5059.97
2020/6/11 4:00,5090.94
2020/6/11 4:30,5173.92
2020/6/11 5:00,5277.3
2020/6/11 5:30,5482.92
2020/6/11 6:00,5661.16
2020/6/11 6:30,6026.18
2020/6/11 7:00,6307.57
2020/6/11 7:30,6553.97
2020/6/11 8:00,6530.47
2020/6/11 8:30,6331.87
2020/6/11 9:00,6088.27
2020/6/11 9:30,5901.44
2020/6/11 10:00,5760.99
2020/6/11 10:30,5596.53
2020/6/11 11:00,5483.13
2020/6/11 11:30,5377.26
2020/6/11 12:00,5325.84
2020/6/11 12:30,5324.22
2020/6/11 13:00,5391.38
2020/6/11 13:30,5462.48
2020/6/11 14:00,5643.25
2020/6/11 14:30,5802.07
2020/6/11 15:00,5930.51
2020/6/11 15:30,6132.11
2020/6/11 16:00,6335.89
2020/6/11 16:30,6531.87
2020/6/11 17:00,6781.82
2020/6/11 17:30,7078.54
2020/6/11 18:00,7298.75
2020/6/11 18:30,7267.54
2020/6/11 19:00,7209.78
2020/6/11 19:30,6982.87
2020/6/11 20:00,6909.39
2020/6/11 20:30,6828.26
2020/6/11 21:00,6600.87
2020/6/11 21:30,6407.55
2020/6/11 22:00,6214.53
2020/6/11 22:30,6098.88
2020/6/11 23:00,5975.73
2020/6/11 23:30,5762.59
2020/6/12 0:00,5545.23
2020/6/12 0:30,5414.38
2020/6/12 1:00,5276.76
2020/6/12 1:30,5192.18
2020/6/12 2:00,5146.68
2020/6/12 2:30,5121.66
2020/6/12 3:00,5075.76
2020/6/12 3:30,5087.39
2020/6/12 4:00,5088.18
2020/6/12 4:30,5161.86
2020/6/12 5:00,5264.72
2020/6/12 5:30,5460.33
2020/6/12 6:00,5664.14
2020/6/12 6:30,6042.15
2020/6/12 7:00,6358.85
2020/6/12 7:30,6612.69
2020/6/12 8:00,6499.75
2020/6/12 8:30,6246.35
2020/6/12 9:00,5983.94
2020/6/12 9:30,5781.06
2020/6/12 10:00,5561.44
2020/6/12 10:30,5404.76
2020/6/12 11:00,5260.93
2020/6/12 11:30,5160.6
2020/6/12 12:00,5183.14
2020/6/12 12:30,5162.07
2020/6/12 13:00,5246.34
2020/6/12 13:30,5271.18
2020/6/12 14:00,5325.81
2020/6/12 14:30,5533.35
2020/6/12 15:00,5757.16
2020/6/12 15:30,5908.54
2020/6/12 16:00,6181.38
2020/6/12 16:30,6415.12
2020/6/12 17:00,6686.01
2020/6/12 17:30,6926.74
2020/6/12 18:00,7088.08
2020/6/12 18:30,6989.83
2020/6/12 19:00,6944.44
2020/6/12 19:30,6766.63
2020/6/12 20:00,6696.15
2020/6/12 20:30,6628.47
2020/6/12 21:00,6466.89
2020/6/12 21:30,6342.91
2020/6/12 22:00,6190.73
2020/6/12 22:30,6117.53
2020/6/12 23:00,6038.88
2020/6/12 23:30,5850.53
2020/6/13 0:00,5641.27
2020/6/13 0:30,5449.51
2020/6/13 1:00,5312.44
2020/6/13 1:30,5192.81
2020/6/13 2:00,5103.27
2020/6/13 2:30,5065.79
2020/6/13 3:00,5021.57
2020/6/13 3:30,5059.68
2020/6/13 4:00,5025.82
2020/6/13 4:30,5032.58
2020/6/13 5:00,5124.45
2020/6/13 5:30,5195.64
2020/6/13 6:00,5279.89
2020/6/13 6:30,5390.96
2020/6/13 7:00,5552.27
2020/6/13 7:30,5697.37
2020/6/13 8:00,5718.66
2020/6/13 8:30,5624.48
2020/6/13 9:00,5574.82
2020/6/13 9:30,5424.95
2020/6/13 10:00,5339.93
2020/6/13 10:30,5306.89
2020/6/13 11:00,5170.65
2020/6/13 11:30,5179.04
2020/6/13 12:00,5205.32
2020/6/13 12:30,5210.89
2020/6/13 13:00,5305.29
2020/6/13 13:30,5386.67
2020/6/13 14:00,5493.55
2020/6/13 14:30,5555.68
2020/6/13 15:00,5638.43
2020/6/13 15:30,5713.56
2020/6/13 16:00,5905.62
2020/6/13 16:30,6028.05
2020/6/13 17:00,6288.05
2020/6/13 17:30,6572
2020/6/13 18:00,6773.99
2020/6/13 18:30,6682.73
2020/6/13 19:00,6625.48
2020/6/13 19:30,6560.58
2020/6/13 20:00,6470.44
2020/6/13 20:30,6369.73
2020/6/13 21:00,6218.8
2020/6/13 21:30,6104.22
2020/6/13 22:00,5984.88
2020/6/13 22:30,5927.22
2020/6/13 23:00,5837.39
2020/6/13 23:30,5676.55
2020/6/14 0:00,5447.58
2020/6/14 0:30,5342.79
2020/6/14 1:00,5230.66
2020/6/14 1:30,5098.18
2020/6/14 2:00,5021.1
2020/6/14 2:30,4983.58
2020/6/14 3:00,4926.44
2020/6/14 3:30,4911.11
2020/6/14 4:00,4930.37
2020/6/14 4:30,4884.4
2020/6/14 5:00,4840.29
2020/6/14 5:30,4918.36
2020/6/14 6:00,4991.57
2020/6/14 6:30,5119.76
2020/6/14 7:00,5197.98
2020/6/14 7:30,5343.13
2020/6/14 8:00,5471.65
2020/6/14 8:30,5626.92
2020/6/14 9:00,5642.23
2020/6/14 9:30,5612.93
2020/6/14 10:00,5687.11
2020/6/14 10:30,5760.92
2020/6/14 11:00,5860.41
2020/6/14 11:30,5839.36
2020/6/14 12:00,5823.65
2020/6/14 12:30,5935.39
2020/6/14 13:00,5996.64
2020/6/14 13:30,5977.6
2020/6/14 14:00,5926.52
2020/6/14 14:30,5963.47
2020/6/14 15:00,6002.44
2020/6/14 15:30,6084.27
2020/6/14 16:00,6240.43
2020/6/14 16:30,6349.32
2020/6/14 17:00,6559.67
2020/6/14 17:30,6827.52
2020/6/14 18:00,7002.81
2020/6/14 18:30,6954.34
2020/6/14 19:00,6864.93
2020/6/14 19:30,6759.76
2020/6/14 20:00,6659.06
2020/6/14 20:30,6497.32
2020/6/14 21:00,6300.33
2020/6/14 21:30,6145.39
2020/6/14 22:00,5997.09
2020/6/14 22:30,5913.3
2020/6/14 23:00,5815.78
2020/6/14 23:30,5639.73
2020/6/15 0:00,5424.65
2020/6/15 0:30,5317.73
2020/6/15 1:00,5164.51
2020/6/15 1:30,5071.03
2020/6/15 2:00,4961.99
2020/6/15 2:30,4914.5
2020/6/15 3:00,4922.17
2020/6/15 3:30,4911.28
2020/6/15 4:00,4931.21
2020/6/15 4:30,5059.3
2020/6/15 5:00,5178.05
2020/6/15 5:30,5392.64
2020/6/15 6:00,5542.34
2020/6/15 6:30,5902.25
2020/6/15 7:00,6246.65
2020/6/15 7:30,6530.96
2020/6/15 8:00,6493.24
2020/6/15 8:30,6272.73
2020/6/15 9:00,5997.51
2020/6/15 9:30,5824.17
2020/6/15 10:00,5624.23
2020/6/15 10:30,5544.08
2020/6/15 11:00,5458.15
2020/6/15 11:30,5358.97
2020/6/15 12:00,5274.87
2020/6/15 12:30,5288.61
2020/6/15 13:00,5413.7
2020/6/15 13:30,5519.04
2020/6/15 14:00,5579.52
2020/6/15 14:30,5746.2
2020/6/15 15:00,5868.76
2020/6/15 15:30,6033.05
2020/6/15 16:00,6311.87
2020/6/15 16:30,6540.84
2020/6/15 17:00,6821.6
2020/6/15 17:30,7115.64
2020/6/15 18:00,7386.97
2020/6/15 18:30,7338.47
2020/6/15 19:00,7264.61
2020/6/15 19:30,7056.55
2020/6/15 20:00,6855.85
2020/6/15 20:30,6750.26
2020/6/15 21:00,6552.72
2020/6/15 21:30,6357.95
2020/6/15 22:00,6209.28
2020/6/15 22:30,6072.76
2020/6/15 23:00,5941.65
2020/6/15 23:30,5723.22
2020/6/16 0:00,5575.34
2020/6/16 0:30,5472.71
2020/6/16 1:00,5305.33
2020/6/16 1:30,5206.44
2020/6/16 2:00,5179.39
2020/6/16 2:30,5089.05
2020/6/16 3:00,5088.52
2020/6/16 3:30,5090.28
2020/6/16 4:00,5069.49
2020/6/16 4:30,5142.72
2020/6/16 5:00,5238.02
2020/6/16 5:30,5424.03
2020/6/16 6:00,5635.07
2020/6/16 6:30,6004.11
2020/6/16 7:00,6322.12
2020/6/16 7:30,6588.42
2020/6/16 8:00,6553.82
2020/6/16 8:30,6355.13
2020/6/16 9:00,6161.84
2020/6/16 9:30,5897.8
2020/6/16 10:00,5737.76
2020/6/16 10:30,5700.58
2020/6/16 11:00,5623.75
2020/6/16 11:30,5646.77
2020/6/16 12:00,5679.74
2020/6/16 12:30,5684.92
2020/6/16 13:00,5757.75
2020/6/16 13:30,5792.32
2020/6/16 14:00,5754.21
2020/6/16 14:30,5802.35
2020/6/16 15:00,5925.35
2020/6/16 15:30,6030.73
2020/6/16 16:00,6323.9
2020/6/16 16:30,6501.21
2020/6/16 17:00,6801.41
2020/6/16 17:30,7093.92
2020/6/16 18:00,7362.36
2020/6/16 18:30,7318.96
2020/6/16 19:00,7270.38
2020/6/16 19:30,7054.24
2020/6/16 20:00,6927
2020/6/16 20:30,6813.55
2020/6/16 21:00,6614.7
2020/6/16 21:30,6450.44
2020/6/16 22:00,6238.82
2020/6/16 22:30,6110.36
2020/6/16 23:00,5966.74
2020/6/16 23:30,5804.82
2020/6/17 0:00,5558.82
2020/6/17 0:30,5447.29
2020/6/17 1:00,5285.66
2020/6/17 1:30,5194.25
2020/6/17 2:00,5166.27
2020/6/17 2:30,5135.66
2020/6/17 3:00,5099.29
2020/6/17 3:30,5065.32
2020/6/17 4:00,5060.19
2020/6/17 4:30,5142.72
2020/6/17 5:00,5198.34
2020/6/17 5:30,5433.02
2020/6/17 6:00,5649.61
2020/6/17 6:30,6063.85
2020/6/17 7:00,6353.75
2020/6/17 7:30,6616.11
2020/6/17 8:00,6538.21
2020/6/17 8:30,6246.18
2020/6/17 9:00,5931.32
2020/6/17 9:30,5692.23
2020/6/17 10:00,5465.44
2020/6/17 10:30,5313.62
2020/6/17 11:00,5278.24
2020/6/17 11:30,5298.4
2020/6/17 12:00,5309.31
2020/6/17 12:30,5297.22
2020/6/17 13:00,5285.92
2020/6/17 13:30,5319.46
2020/6/17 14:00,5390.46
2020/6/17 14:30,5480.16
2020/6/17 15:00,5642.95
2020/6/17 15:30,5861.11
2020/6/17 16:00,6151.27
2020/6/17 16:30,6394.88
2020/6/17 17:00,6720.27
2020/6/17 17:30,6968.54
2020/6/17 18:00,7217.41
2020/6/17 18:30,7191.97
2020/6/17 19:00,7199.29
2020/6/17 19:30,7085.42
2020/6/17 20:00,6975.71
2020/6/17 20:30,6850.76
2020/6/17 21:00,6662.81
2020/6/17 21:30,6453.38
2020/6/17 22:00,6219.71
2020/6/17 22:30,6072.43
2020/6/17 23:00,5922.82
2020/6/17 23:30,5737.6
2020/6/18 0:00,5546.11
2020/6/18 0:30,5336.98
2020/6/18 1:00,5193.4
2020/6/18 1:30,5125.4
2020/6/18 2:00,5052.11
2020/6/18 2:30,5050.41
2020/6/18 3:00,5019.3
2020/6/18 3:30,5019.92
2020/6/18 4:00,5041.36
2020/6/18 4:30,5089.47
2020/6/18 5:00,5174.68
2020/6/18 5:30,5394.08
2020/6/18 6:00,5584.22
2020/6/18 6:30,5963.16
2020/6/18 7:00,6334.05
2020/6/18 7:30,6613.55
2020/6/18 8:00,6561
2020/6/18 8:30,6268.56
2020/6/18 9:00,5941.4
2020/6/18 9:30,5774.17
2020/6/18 10:00,5612.92
2020/6/18 10:30,5419.69
2020/6/18 11:00,5424.23
2020/6/18 11:30,5430.68
2020/6/18 12:00,5487.07
2020/6/18 12:30,5535.82
2020/6/18 13:00,5618.99
2020/6/18 13:30,5775.59
2020/6/18 14:00,5907.99
2020/6/18 14:30,5996.68
2020/6/18 15:00,6085.16
2020/6/18 15:30,6188.89
2020/6/18 16:00,6358.26
2020/6/18 16:30,6503.32
2020/6/18 17:00,6811.96
2020/6/18 17:30,7088.85
2020/6/18 18:00,7272.16
2020/6/18 18:30,7258.15
2020/6/18 19:00,7215.79
2020/6/18 19:30,7060.07
2020/6/18 20:00,7017.16
2020/6/18 20:30,6938.44
2020/6/18 21:00,6685.11
2020/6/18 21:30,6485.23
2020/6/18 22:00,6301.62
2020/6/18 22:30,6150.99
2020/6/18 23:00,6016.84
2020/6/18 23:30,5777.91
2020/6/19 0:00,5541.3
2020/6/19 0:30,5428.53
2020/6/19 1:00,5310.69
2020/6/19 1:30,5198.5
2020/6/19 2:00,5113.99
2020/6/19 2:30,5068.95
2020/6/19 3:00,5066.85
2020/6/19 3:30,5066.8
2020/6/19 4:00,5058.98
2020/6/19 4:30,5151.53
2020/6/19 5:00,5257.79
2020/6/19 5:30,5469.78
2020/6/19 6:00,5656.44
2020/6/19 6:30,5995.89
2020/6/19 7:00,6359.2
2020/6/19 7:30,6666.83
2020/6/19 8:00,6653.88
2020/6/19 8:30,6366.11
2020/6/19 9:00,6118.1
2020/6/19 9:30,5843.41
2020/6/19 10:00,5654.8
2020/6/19 10:30,5585.54
2020/6/19 11:00,5478.5
2020/6/19 11:30,5499.02
2020/6/19 12:00,5433.98
2020/6/19 12:30,5444.98
2020/6/19 13:00,5562.96
2020/6/19 13:30,5514.73
2020/6/19 14:00,5567.69
2020/6/19 14:30,5674.22
2020/6/19 15:00,5836.99
2020/6/19 15:30,5972.85
2020/6/19 16:00,6181.57
2020/6/19 16:30,6416.05
2020/6/19 17:00,6701.94
2020/6/19 17:30,6988.15
2020/6/19 18:00,7146.85
2020/6/19 18:30,7105.6
2020/6/19 19:00,7079.11
2020/6/19 19:30,6930.23
2020/6/19 20:00,6820.27
2020/6/19 20:30,6750.24
2020/6/19 21:00,6579.95
2020/6/19 21:30,6412.38
2020/6/19 22:00,6241.78
2020/6/19 22:30,6144.28
2020/6/19 23:00,6056.82
2020/6/19 23:30,5867.14
2020/6/20 0:00,5667.5
2020/6/20 0:30,5438.05
2020/6/20 1:00,5311.28
2020/6/20 1:30,5202.8
2020/6/20 2:00,5091.23
2020/6/20 2:30,5028.62
2020/6/20 3:00,5028.7
2020/6/20 3:30,5027.21
2020/6/20 4:00,5014.89
2020/6/20 4:30,5032.17
2020/6/20 5:00,5069.6
2020/6/20 5:30,5169.03
2020/6/20 6:00,5195.77
2020/6/20 6:30,5388.79
2020/6/20 7:00,5526.4
2020/6/20 7:30,5753.41
2020/6/20 8:00,5810.55
2020/6/20 8:30,5868.11
2020/6/20 9:00,5859.51
2020/6/20 9:30,5839
2020/6/20 10:00,5733.36
2020/6/20 10:30,5640.67
2020/6/20 11:00,5531.72
2020/6/20 11:30,5419.66
2020/6/20 12:00,5387.26
2020/6/20 12:30,5347.29
2020/6/20 13:00,5340.54
2020/6/20 13:30,5316.33
2020/6/20 14:00,5397.35
2020/6/20 14:30,5485.88
2020/6/20 15:00,5622.56
2020/6/20 15:30,5769.02
2020/6/20 16:00,5923.03
2020/6/20 16:30,6131.81
2020/6/20 17:00,6404.01
2020/6/20 17:30,6721.7
2020/6/20 18:00,6929.59
2020/6/20 18:30,6885.11
2020/6/20 19:00,6816.48
2020/6/20 19:30,6688.39
2020/6/20 20:00,6614.78
2020/6/20 20:30,6526.57
2020/6/20 21:00,6389.39
2020/6/20 21:30,6213.64
2020/6/20 22:00,6096.27
2020/6/20 22:30,6025.3
2020/6/20 23:00,5938.24
2020/6/20 23:30,5773.55
2020/6/21 0:00,5566.06
2020/6/21 0:30,5385
2020/6/21 1:00,5242.22
2020/6/21 1:30,5155.72
2020/6/21 2:00,5085.03
2020/6/21 2:30,4993.2
2020/6/21 3:00,4926.82
2020/6/21 3:30,4931.59
2020/6/21 4:00,4940.71
2020/6/21 4:30,4963.62
2020/6/21 5:00,4950
2020/6/21 5:30,5010.37
2020/6/21 6:00,5070.91
2020/6/21 6:30,5168.01
2020/6/21 7:00,5285.73
2020/6/21 7:30,5405.12
2020/6/21 8:00,5457.28
2020/6/21 8:30,5451.79
2020/6/21 9:00,5446.5
2020/6/21 9:30,5334.46
2020/6/21 10:00,5232.92
2020/6/21 10:30,4990.54
2020/6/21 11:00,4773.18
2020/6/21 11:30,4660.12
2020/6/21 12:00,4703.49
2020/6/21 12:30,4696.48
2020/6/21 13:00,4676.16
2020/6/21 13:30,4714.16
2020/6/21 14:00,4779.97
2020/6/21 14:30,4913.48
2020/6/21 15:00,5110.43
2020/6/21 15:30,5289.71
2020/6/21 16:00,5559.75
2020/6/21 16:30,5861.94
2020/6/21 17:00,6242.79
2020/6/21 17:30,6598.42
2020/6/21 18:00,6892.74
2020/6/21 18:30,6937.62
2020/6/21 19:00,6844.16
2020/6/21 19:30,6681.06
2020/6/21 20:00,6570.9
2020/6/21 20:30,6481.95
2020/6/21 21:00,6325.79
2020/6/21 21:30,6167.37
2020/6/21 22:00,6023.71
2020/6/21 22:30,5939.28
2020/6/21 23:00,5803.13
2020/6/21 23:30,5583.44
2020/6/22 0:00,5369.94
2020/6/22 0:30,5215.84
2020/6/22 1:00,5090.77
2020/6/22 1:30,4989.85
2020/6/22 2:00,4922.84
2020/6/22 2:30,4874.69
2020/6/22 3:00,4876.07
2020/6/22 3:30,4897.86
2020/6/22 4:00,4899.77
2020/6/22 4:30,4977.29
2020/6/22 5:00,5058.69
2020/6/22 5:30,5313.93
2020/6/22 6:00,5537.03
2020/6/22 6:30,5905.53
2020/6/22 7:00,6339.09
2020/6/22 7:30,6606.52
2020/6/22 8:00,6561.13
2020/6/22 8:30,6232.86
2020/6/22 9:00,5943.66
2020/6/22 9:30,5624.53
2020/6/22 10:00,5361.5
2020/6/22 10:30,5204.4
2020/6/22 11:00,5056.99
2020/6/22 11:30,4953.03
2020/6/22 12:00,4902.19
2020/6/22 12:30,4903.51
2020/6/22 13:00,4900.16
2020/6/22 13:30,4968.08
2020/6/22 14:00,5102.07
2020/6/22 14:30,5260.24
2020/6/22 15:00,5451.82
2020/6/22 15:30,5695.77
2020/6/22 16:00,6039.18
2020/6/22 16:30,6327.59
2020/6/22 17:00,6744.96
2020/6/22 17:30,7160.58
2020/6/22 18:00,7453.41
2020/6/22 18:30,7489.03
2020/6/22 19:00,7448.97
2020/6/22 19:30,7318.5
2020/6/22 20:00,7227.36
2020/6/22 20:30,7112.92
2020/6/22 21:00,6926.33
2020/6/22 21:30,6724.99
2020/6/22 22:00,6498.87
2020/6/22 22:30,6325.86
2020/6/22 23:00,6154.03
2020/6/22 23:30,5921.04
2020/6/23 0:00,5725.77
2020/6/23 0:30,5510.04
2020/6/23 1:00,5364.54
2020/6/23 1:30,5269.32
2020/6/23 2:00,5180.31
2020/6/23 2:30,5158.86
2020/6/23 3:00,5127.9
2020/6/23 3:30,5165.16
2020/6/23 4:00,5211.36
2020/6/23 4:30,5260.48
2020/6/23 5:00,5356.38
2020/6/23 5:30,5642.65
2020/6/23 6:00,5931.66
2020/6/23 6:30,6415.18
2020/6/23 7:00,6842.02
2020/6/23 7:30,7170.57
2020/6/23 8:00,7072.74
2020/6/23 8:30,6684.29
2020/6/23 9:00,6254.72
2020/6/23 9:30,5904.1
2020/6/23 10:00,5598.58
2020/6/23 10:30,5379.86
2020/6/23 11:00,5231.98
2020/6/23 11:30,5088.08
2020/6/23 12:00,5068.73
2020/6/23 12:30,5045.92
2020/6/23 13:00,5050.04
2020/6/23 13:30,5143.87
2020/6/23 14:00,5208.09
2020/6/23 14:30,5372.25
2020/6/23 15:00,5534.58
2020/6/23 15:30,5757.26
2020/6/23 16:00,6084.58
2020/6/23 16:30,6412.57
2020/6/23 17:00,6874.27
2020/6/23 17:30,7297.76
2020/6/23 18:00,7637.02
2020/6/23 18:30,7714.51
2020/6/23 19:00,7764.6
2020/6/23 19:30,7604.48
2020/6/23 20:00,7478.97
2020/6/23 20:30,7335.14
2020/6/23 21:00,7134.87
2020/6/23 21:30,6911.35
2020/6/23 22:00,6656.4
2020/6/23 22:30,6437.44
2020/6/23 23:00,6300.33
2020/6/23 23:30,6015.15
2020/6/24 0:00,5750.92
2020/6/24 0:30,5571.89
2020/6/24 1:00,5389.14
2020/6/24 1:30,5299.92
2020/6/24 2:00,5206.63
2020/6/24 2:30,5210.65
2020/6/24 3:00,5198.45
2020/6/24 3:30,5185.47
2020/6/24 4:00,5205.3
2020/6/24 4:30,5268.39
2020/6/24 5:00,5436.6
2020/6/24 5:30,5693.54
2020/6/24 6:00,5994.72
2020/6/24 6:30,6471.91
2020/6/24 7:00,6914.99
2020/6/24 7:30,7314.97
2020/6/24 8:00,7189.56
2020/6/24 8:30,6787.06
2020/6/24 9:00,6348.6
2020/6/24 9:30,6070.29
2020/6/24 10:00,5723.3
2020/6/24 10:30,5430.74
2020/6/24 11:00,5257.08
2020/6/24 11:30,5096.87
2020/6/24 12:00,5013.97
2020/6/24 12:30,4993.25
2020/6/24 13:00,4962.93
2020/6/24 13:30,4985.39
2020/6/24 14:00,5126.09
2020/6/24 14:30,5314.43
2020/6/24 15:00,5481.71
2020/6/24 15:30,5726.1
2020/6/24 16:00,6065.68
2020/6/24 16:30,6419.74
2020/6/24 17:00,6835.16
2020/6/24 17:30,7278.6
2020/6/24 18:00,7663.06
2020/6/24 18:30,7740.7
2020/6/24 19:00,7782.9
2020/6/24 19:30,7658.86
2020/6/24 20:00,7570.74
2020/6/24 20:30,7456.57
2020/6/24 21:00,7249.37
2020/6/24 21:30,7001.73
2020/6/24 22:00,6697.13
2020/6/24 22:30,6546.09
2020/6/24 23:00,6290.31
2020/6/24 23:30,6042.37
2020/6/25 0:00,5745.13
2020/6/25 0:30,5572.87
2020/6/25 1:00,5445.88
2020/6/25 1:30,5353.08
2020/6/25 2:00,5291.18
2020/6/25 2:30,5222.78
2020/6/25 3:00,5215.77
2020/6/25 3:30,5202.17
2020/6/25 4:00,5252.48
2020/6/25 4:30,5330.08
2020/6/25 5:00,5465.76
2020/6/25 5:30,5751.66
2020/6/25 6:00,6061.68
2020/6/25 6:30,6525
2020/6/25 7:00,7019.57
2020/6/25 7:30,7302.54
2020/6/25 8:00,7265.14
2020/6/25 8:30,6840.7
2020/6/25 9:00,6389.9
2020/6/25 9:30,6041.19
2020/6/25 10:00,5702.77
2020/6/25 10:30,5395.72
2020/6/25 11:00,5180.61
2020/6/25 11:30,5021.24
2020/6/25 12:00,4929
2020/6/25 12:30,4921.19
2020/6/25 13:00,4909.1
2020/6/25 13:30,4994.46
2020/6/25 14:00,5087.8
2020/6/25 14:30,5247.23
2020/6/25 15:00,5423.52
2020/6/25 15:30,5659.77
2020/6/25 16:00,5917.96
2020/6/25 16:30,6236.42
2020/6/25 17:00,6660.55
2020/6/25 17:30,7124.49
2020/6/25 18:00,7489.43
2020/6/25 18:30,7595.42
2020/6/25 19:00,7693.17
2020/6/25 19:30,7551.3
2020/6/25 20:00,7492.89
2020/6/25 20:30,7419.3
2020/6/25 21:00,7233.33
2020/6/25 21:30,7000.7
2020/6/25 22:00,6713.58
2020/6/25 22:30,6520.24
2020/6/25 23:00,6307.54
2020/6/25 23:30,6053.77
2020/6/26 0:00,5804.57
2020/6/26 0:30,5655.95
2020/6/26 1:00,5472.05
2020/6/26 1:30,5338.45
2020/6/26 2:00,5276.32
2020/6/26 2:30,5246.66
2020/6/26 3:00,5263.53
2020/6/26 3:30,5269.12
2020/6/26 4:00,5254.39
2020/6/26 4:30,5361.87
2020/6/26 5:00,5452.65
2020/6/26 5:30,5742.94
2020/6/26 6:00,6022.01
2020/6/26 6:30,6500
2020/6/26 7:00,6932.64
2020/6/26 7:30,7271.22
2020/6/26 8:00,7203.83
2020/6/26 8:30,6935.6
2020/6/26 9:00,6540.25
2020/6/26 9:30,6185.46
2020/6/26 10:00,5848.33
2020/6/26 10:30,5610.78
2020/6/26 11:00,5419.77
2020/6/26 11:30,5230.61
2020/6/26 12:00,5139.03
2020/6/26 12:30,5101.47
2020/6/26 13:00,5092.38
2020/6/26 13:30,5112.29
2020/6/26 14:00,5191.78
2020/6/26 14:30,5324.7
2020/6/26 15:00,5491.09
2020/6/26 15:30,5696.44
2020/6/26 16:00,6031.25
2020/6/26 16:30,6290.66
2020/6/26 17:00,6626.92
2020/6/26 17:30,6972.34
2020/6/26 18:00,7244.37
2020/6/26 18:30,7288.34
2020/6/26 19:00,7280.58
2020/6/26 19:30,7154.09
2020/6/26 20:00,7109.89
2020/6/26 20:30,7023.32
2020/6/26 21:00,6861.38
2020/6/26 21:30,6684.06
2020/6/26 22:00,6475.44
2020/6/26 22:30,6386.14
2020/6/26 23:00,6227.38
2020/6/26 23:30,5979.69
2020/6/27 0:00,5745.66
2020/6/27 0:30,5609.5
2020/6/27 1:00,5403.8
2020/6/27 1:30,5297.43
2020/6/27 2:00,5229.23
2020/6/27 2:30,5138.75
2020/6/27 3:00,5127.09
2020/6/27 3:30,5118.69
2020/6/27 4:00,5129.24
2020/6/27 4:30,5157.9
2020/6/27 5:00,5217.25
2020/6/27 5:30,5297.89
2020/6/27 6:00,5416.72
2020/6/27 6:30,5617.73
2020/6/27 7:00,5813.85
2020/6/27 7:30,6004.02
2020/6/27 8:00,6017.26
2020/6/27 8:30,5914.82
2020/6/27 9:00,5735.17
2020/6/27 9:30,5463.01
2020/6/27 10:00,5223.28
2020/6/27 10:30,4996.67
2020/6/27 11:00,4745.24
2020/6/27 11:30,4625.87
2020/6/27 12:00,4578.99
2020/6/27 12:30,4573.17
2020/6/27 13:00,4549.28
2020/6/27 13:30,4582.02
2020/6/27 14:00,4656.71
2020/6/27 14:30,4797.56
2020/6/27 15:00,5019.52
2020/6/27 15:30,5274.78
2020/6/27 16:00,5544.47
2020/6/27 16:30,5886.92
2020/6/27 17:00,6243.79
2020/6/27 17:30,6577.5
2020/6/27 18:00,6826.25
2020/6/27 18:30,6809.79
2020/6/27 19:00,6784.99
2020/6/27 19:30,6680.4
2020/6/27 20:00,6592.41
2020/6/27 20:30,6547.36
2020/6/27 21:00,6423.12
2020/6/27 21:30,6269.59
2020/6/27 22:00,6151.37
2020/6/27 22:30,6056.73
2020/6/27 23:00,5929.18
2020/6/27 23:30,5730.47
2020/6/28 0:00,5551.73
2020/6/28 0:30,5414.06
2020/6/28 1:00,5241.72
2020/6/28 1:30,5141.37
2020/6/28 2:00,5048.32
2020/6/28 2:30,4981.51
2020/6/28 3:00,4965.7
2020/6/28 3:30,4985.8
2020/6/28 4:00,4981.64
2020/6/28 4:30,4980.27
2020/6/28 5:00,5026.91
2020/6/28 5:30,5061.11
2020/6/28 6:00,5124.55
2020/6/28 6:30,5241.84
2020/6/28 7:00,5385.9
2020/6/28 7:30,5561.5
2020/6/28 8:00,5692.09
2020/6/28 8:30,5766.4
2020/6/28 9:00,5821.99
2020/6/28 9:30,5864.69
2020/6/28 10:00,5795.71
2020/6/28 10:30,5773.56
2020/6/28 11:00,5654.36
2020/6/28 11:30,5596.28
2020/6/28 12:00,5549.96
2020/6/28 12:30,5515.5
2020/6/28 13:00,5540.02
2020/6/28 13:30,5506.9
2020/6/28 14:00,5521.72
2020/6/28 14:30,5631.35
2020/6/28 15:00,5693.23
2020/6/28 15:30,5837.38
2020/6/28 16:00,6031.26
2020/6/28 16:30,6314.86
2020/6/28 17:00,6631.02
2020/6/28 17:30,6969.45
2020/6/28 18:00,7200.82
2020/6/28 18:30,7241.06
2020/6/28 19:00,7202.9
2020/6/28 19:30,7027.24
2020/6/28 20:00,6916.1
2020/6/28 20:30,6805.51
2020/6/28 21:00,6635.65
2020/6/28 21:30,6492.71
2020/6/28 22:00,6274.88
2020/6/28 22:30,6167.88
2020/6/28 23:00,6009.4
2020/6/28 23:30,5780.2
2020/6/29 0:00,5605.23
2020/6/29 0:30,5438.14
2020/6/29 1:00,5296.29
2020/6/29 1:30,5185.86
2020/6/29 2:00,5122.13
2020/6/29 2:30,5079.49
2020/6/29 3:00,5045.83
2020/6/29 3:30,5063.64
2020/6/29 4:00,5048.34
2020/6/29 4:30,5156.8
2020/6/29 5:00,5276.54
2020/6/29 5:30,5507.91
2020/6/29 6:00,5729.57
2020/6/29 6:30,6090.39
2020/6/29 7:00,6394.21
2020/6/29 7:30,6648.18
2020/6/29 8:00,6570.98
2020/6/29 8:30,6435.29
2020/6/29 9:00,6192.39
2020/6/29 9:30,5971.59
2020/6/29 10:00,5686.28
2020/6/29 10:30,5483.16
2020/6/29 11:00,5292.4
2020/6/29 11:30,5126.8
2020/6/29 12:00,5082.24
2020/6/29 12:30,5038.62
2020/6/29 13:00,5091.18
2020/6/29 13:30,5169.54
2020/6/29 14:00,5322.66
2020/6/29 14:30,5502.24
2020/6/29 15:00,5673.65
2020/6/29 15:30,5812.36
2020/6/29 16:00,6038.39
2020/6/29 16:30,6392.66
2020/6/29 17:00,6810.59
2020/6/29 17:30,7242.66
2020/6/29 18:00,7483.23
2020/6/29 18:30,7457.95
2020/6/29 19:00,7480.13
2020/6/29 19:30,7338.3
2020/6/29 20:00,7247.11
2020/6/29 20:30,7093.27
2020/6/29 21:00,6881.55
2020/6/29 21:30,6685
2020/6/29 22:00,6507.88
2020/6/29 22:30,6324.31
2020/6/29 23:00,6145.7
2020/6/29 23:30,5915.99
2020/6/30 0:00,5720.09
2020/6/30 0:30,5546.63
2020/6/30 1:00,5390.34
2020/6/30 1:30,5287.69
2020/6/30 2:00,5208.29
2020/6/30 2:30,5159.71
2020/6/30 3:00,5150.47
2020/6/30 3:30,5105.38
2020/6/30 4:00,5098.84
2020/6/30 4:30,5170.32
2020/6/30 5:00,5333.77
2020/6/30 5:30,5557.01
2020/6/30 6:00,5771.64
2020/6/30 6:30,6172
2020/6/30 7:00,6416.62
2020/6/30 7:30,6753.72
2020/6/30 8:00,6698.49
2020/6/30 8:30,6611.92
2020/6/30 9:00,6376.6
2020/6/30 9:30,6064.46
2020/6/30 10:00,5794.22
2020/6/30 10:30,5562.03
2020/6/30 11:00,5410.49
2020/6/30 11:30,5292.91
2020/6/30 12:00,5297.03
2020/6/30 12:30,5399.15
2020/6/30 13:00,5189.61
2020/6/30 13:30,5111.25
2020/6/30 14:00,5378.46
2020/6/30 14:30,5306.98
2020/6/30 15:00,5661.82
2020/6/30 15:30,6037.93
2020/6/30 16:00,6203.55
2020/6/30 16:30,6432.35
2020/6/30 17:00,6800.74
2020/6/30 17:30,7144.97
2020/6/30 18:00,7400.31
2020/6/30 18:30,7420.91
2020/6/30 19:00,7433.29
2020/6/30 19:30,7253.63
2020/6/30 20:00,7176.8
2020/6/30 20:30,7020.85
2020/6/30 21:00,6832.67
2020/6/30 21:30,6660.85
2020/6/30 22:00,6426.68
2020/6/30 22:30,6285.06
2020/6/30 23:00,6091.22
2020/6/30 23:30,5856.16
2020/7/1 0:00,5670.44
2020/7/1 0:30,5487.61
2020/7/1 1:00,5345.91
2020/7/1 1:30,5288.44
2020/7/1 2:00,5195.46
2020/7/1 2:30,5138.46
2020/7/1 3:00,5100.05
2020/7/1 3:30,5118.79
2020/7/1 4:00,5090.05
2020/7/1 4:30,5180.19
2020/7/1 5:00,5287.24
2020/7/1 5:30,5490.02
2020/7/1 6:00,5701.27
2020/7/1 6:30,6088.2
2020/7/1 7:00,6324.68
2020/7/1 7:30,6574.52
2020/7/1 8:00,6631.66
2020/7/1 8:30,6511.31
2020/7/1 9:00,6262.83
2020/7/1 9:30,5983.05
2020/7/1 10:00,5685.62
2020/7/1 10:30,5486.12
2020/7/1 11:00,5301.59
2020/7/1 11:30,5223.36
2020/7/1 12:00,5219.97
2020/7/1 12:30,5233.6
2020/7/1 13:00,5233.52
2020/7/1 13:30,5353.38
2020/7/1 14:00,5497.64
2020/7/1 14:30,5601.29
2020/7/1 15:00,5776.45
2020/7/1 15:30,5957.74
2020/7/1 16:00,6195.14
2020/7/1 16:30,6414.65
2020/7/1 17:00,6744.39
2020/7/1 17:30,7058.31
2020/7/1 18:00,7326.41
2020/7/1 18:30,7320.79
2020/7/1 19:00,7308.47
2020/7/1 19:30,7214.07
2020/7/1 20:00,7112.71
2020/7/1 20:30,6985.71
2020/7/1 21:00,6808.3
2020/7/1 21:30,6593.67
2020/7/1 22:00,6381.08
2020/7/1 22:30,6257.55
2020/7/1 23:00,6122.44
2020/7/1 23:30,5870.99
2020/7/2 0:00,5662.57
2020/7/2 0:30,5466.14
2020/7/2 1:00,5316.23
2020/7/2 1:30,5237.12
2020/7/2 2:00,5179.24
2020/7/2 2:30,5131.33
2020/7/2 3:00,5084.48
2020/7/2 3:30,5060.69
2020/7/2 4:00,5095.13
2020/7/2 4:30,5159.78
2020/7/2 5:00,5266.01
2020/7/2 5:30,5497.01
2020/7/2 6:00,5704.25
2020/7/2 6:30,6082.67
2020/7/2 7:00,6384.72
2020/7/2 7:30,6607.33
2020/7/2 8:00,6536.87
2020/7/2 8:30,6436.76
2020/7/2 9:00,6211.78
2020/7/2 9:30,5996.63
2020/7/2 10:00,5738.01
2020/7/2 10:30,5465.49
2020/7/2 11:00,5279.56
2020/7/2 11:30,5158.54
2020/7/2 12:00,5095.76
2020/7/2 12:30,5121.98
2020/7/2 13:00,5126.73
2020/7/2 13:30,5221.51
2020/7/2 14:00,5290.61
2020/7/2 14:30,5374.82
2020/7/2 15:00,5496.16
2020/7/2 15:30,5737.31
2020/7/2 16:00,5989.97
2020/7/2 16:30,6234.75
2020/7/2 17:00,6632.74
2020/7/2 17:30,6950.89
2020/7/2 18:00,7163.38
2020/7/2 18:30,7172.73
2020/7/2 19:00,7161.74
2020/7/2 19:30,7060.17
2020/7/2 20:00,7000.82
2020/7/2 20:30,6916.02
2020/7/2 21:00,6747.07
2020/7/2 21:30,6547.08
2020/7/2 22:00,6319.35
2020/7/2 22:30,6197.02
2020/7/2 23:00,6027.65
2020/7/2 23:30,5830.62
2020/7/3 0:00,5618.98
2020/7/3 0:30,5439.12
2020/7/3 1:00,5256.9
2020/7/3 1:30,5150.77
2020/7/3 2:00,5071.36
2020/7/3 2:30,5059.12
2020/7/3 3:00,5035.96
2020/7/3 3:30,5037.63
2020/7/3 4:00,5058.73
2020/7/3 4:30,5109.65
2020/7/3 5:00,5245.05
2020/7/3 5:30,5435.31
2020/7/3 6:00,5629.1
2020/7/3 6:30,5993.89
2020/7/3 7:00,6272.69
2020/7/3 7:30,6516.39
2020/7/3 8:00,6504.54
2020/7/3 8:30,6378.49
2020/7/3 9:00,6132.28
2020/7/3 9:30,5794.35
2020/7/3 10:00,5460.66
2020/7/3 10:30,5215.46
2020/7/3 11:00,5068.38
2020/7/3 11:30,4932.92
2020/7/3 12:00,4864.15
2020/7/3 12:30,4850.73
2020/7/3 13:00,4923.8
2020/7/3 13:30,4952.43
2020/7/3 14:00,5092.43
2020/7/3 14:30,5263.33
2020/7/3 15:00,5447.85
2020/7/3 15:30,5659.3
2020/7/3 16:00,5879.12
2020/7/3 16:30,6165.93
2020/7/3 17:00,6487.63
2020/7/3 17:30,6720.93
2020/7/3 18:00,6921.01
2020/7/3 18:30,6906.49
2020/7/3 19:00,6930.91
2020/7/3 19:30,6781.25
2020/7/3 20:00,6715.5
2020/7/3 20:30,6628.82
2020/7/3 21:00,6458.24
2020/7/3 21:30,6334.11
2020/7/3 22:00,6176.01
2020/7/3 22:30,6099.6
2020/7/3 23:00,5950.9
2020/7/3 23:30,5786.02
